PRAGMA foreign_keys = ON;

CREATE TABLE "汽车公司" (
"词条id" int,
"名称" text,
"所属国家" text,
"经营范围" text,
"母公司" text,
"主要车系数量" int,
"世界500强排名" int,
"主要荣誉" text,
primary key ("词条id")
);

CREATE TABLE "汽车公司中国事业部" (
"公司id" int,
"中国事业部名称" text,
"位于城市" text,
"所属省份" text,
"总投资金额" int,
"负责产品数量" int,
"主要产品" text,
foreign key("公司id") references "汽车公司"("词条id")
);

CREATE TABLE "汽车产品" (
"词条id" int,
"名称" text,
"推出时间" time,
"车型" text,
"车款数量" int,
"保值率" int,
"生产公司id" int,
primary key ("词条id"),
foreign key("生产公司id") references "汽车公司"("词条id")
);

CREATE TABLE "车型" (
"词条id" int,
"名称" text,
"排量" int,
"油耗" int,
"售价" int,
"所属产品id" int,
"关注指数" int,
"累计销量" int,
"安全排行" int,
"性能排行" int,
"油耗排行" int,
"空间排行" int,
"舒适排行" int,
primary key ("词条id"),
foreign key("所属产品id") references "汽车产品"("词条id")
);

insert into "汽车公司" ("词条id", "名称", "所属国家", "经营范围", "母公司", "主要车系数量", "世界500强排名", "主要荣誉") values ("item_product_10_81", "梅赛德斯-奔驰", "德国", "高端汽车", "戴姆勒汽车公司", "9", "1", "世界上最成功的高档汽车品牌")

insert into "汽车公司" ("词条id", "名称", "所属国家", "经营范围", "母公司", "主要车系数量", "世界500强排名", "主要荣誉") values ("item_product_10_82", "丰田", "日本", "经济型汽车", "丰田汽车公司", "15", "100", "世界最大汽车制造商")

insert into "汽车公司" ("词条id", "名称", "所属国家", "经营范围", "母公司", "主要车系数量", "世界500强排名", "主要荣誉") values ("item_product_10_83", "宝马", "美国", "经济型汽车", "BMW集团", "9", "1", "中国最受尊敬企业")

insert into "汽车公司" ("词条id", "名称", "所属国家", "经营范围", "母公司", "主要车系数量", "世界500强排名", "主要荣誉") values ("item_product_10_84", "大众汽车", "韩国", "经济型汽车", "大众集团", "9", "1", "全球领先汽车制造商")

insert into "汽车公司" ("词条id", "名称", "所属国家", "经营范围", "母公司", "主要车系数量", "世界500强排名", "主要荣誉") values ("item_product_10_85", "现代汽车", "韩国", "经济型汽车", "韩国现代集团", "9", "1", "韩国最大的汽车企业")

insert into "汽车公司中国事业部" ("公司id", "中国事业部名称", "位于城市", "所属省份", "总投资金额", "负责产品数量", "主要产品") values ("item_product_10_83", "北京奔驰", "北京", "北京", "2.5", "3", "威霆")

insert into "汽车公司中国事业部" ("公司id", "中国事业部名称", "位于城市", "所属省份", "总投资金额", "负责产品数量", "主要产品") values ("item_product_10_85", "福建奔驰", "福州", "福建", "5.6亿", "5", "凌特")

insert into "汽车公司中国事业部" ("公司id", "中国事业部名称", "位于城市", "所属省份", "总投资金额", "负责产品数量", "主要产品") values ("item_product_10_83", "广汽本田", "武汉", "湖北", "5.6亿", "5", "V级车")

insert into "汽车公司中国事业部" ("公司id", "中国事业部名称", "位于城市", "所属省份", "总投资金额", "负责产品数量", "主要产品") values ("item_product_10_85", "东风本田", "广州", "广东", "2.5", "3", "雅阁")

insert into "汽车公司中国事业部" ("公司id", "中国事业部名称", "位于城市", "所属省份", "总投资金额", "负责产品数量", "主要产品") values ("item_product_10_81", "光束汽车有限公司", "张家口", "河北", "5.6亿", "3", "思域")

insert into "汽车产品" ("词条id", "名称", "推出时间", "车型", "车款数量", "保值率", "生产公司id") values ("item_product_10_86", "奔驰A级", "2015年", "小型车", "3", "34%", "item_product_10_82")

insert into "汽车产品" ("词条id", "名称", "推出时间", "车型", "车款数量", "保值率", "生产公司id") values ("item_product_10_87", "奔驰E级", "2018年", "中型车", "5", "65%", "item_product_10_83")

insert into "汽车产品" ("词条id", "名称", "推出时间", "车型", "车款数量", "保值率", "生产公司id") values ("item_product_10_88", "奔驰G级", "2018年", "商务车", "3", "65%", "item_product_10_83")

insert into "汽车产品" ("词条id", "名称", "推出时间", "车型", "车款数量", "保值率", "生产公司id") values ("item_product_10_89", "奔驰GLC级", "2015年", "越野车", "5", "34%", "item_product_10_81")

insert into "汽车产品" ("词条id", "名称", "推出时间", "车型", "车款数量", "保值率", "生产公司id") values ("item_product_10_90", "奔驰SLK级", "2015年", "SUV", "3", "34%", "item_product_10_85")

insert into "车型" ("词条id", "名称", "排量", "油耗", "售价", "所属产品id", "关注指数", "累计销量", "安全排行", "性能排行", "油耗排行", "空间排行", "舒适排行") values ("item_product_10_91", "奔驰2020款A200L", "1.3", "5.3", "16万", "item_product_10_88", "50000", "10万", "1", "20", "35", "37", "23")

insert into "车型" ("词条id", "名称", "排量", "油耗", "售价", "所属产品id", "关注指数", "累计销量", "安全排行", "性能排行", "油耗排行", "空间排行", "舒适排行") values ("item_product_10_92", "奔驰2020款A200L运动型", "2.0T", "6.8升", "30万", "item_product_10_86", "100000", "50万", "50", "30", "46", "48", "50")

insert into "车型" ("词条id", "名称", "排量", "油耗", "售价", "所属产品id", "关注指数", "累计销量", "安全排行", "性能排行", "油耗排行", "空间排行", "舒适排行") values ("item_product_10_93", " 奔驰2020款A200L4MATIC", "1.3", "6.8升", "16万", "item_product_10_86", "50000", "10万", "1", "20", "35", "37", "50")

insert into "车型" ("词条id", "名称", "排量", "油耗", "售价", "所属产品id", "关注指数", "累计销量", "安全排行", "性能排行", "油耗排行", "空间排行", "舒适排行") values ("item_product_10_94", " 宝马7系2019款730Li豪华款", "1.3", "6.8升", "16万", "item_product_10_86", "50000", "10万", "50", "20", "46", "37", "50")

insert into "车型" ("词条id", "名称", "排量", "油耗", "售价", "所属产品id", "关注指数", "累计销量", "安全排行", "性能排行", "油耗排行", "空间排行", "舒适排行") values ("item_product_10_95", "宝马7系2019款750Li V8M运动套装", "2.0T", "5.3", "30万", "item_product_10_88", "50000", "50万", "1", "20", "35", "37", "23")

