PRAGMA foreign_keys = ON;

CREATE TABLE "电视机品牌" (
"词条id" int,
"名称" text,
"所属公司" text,
"国家" text,
"市场份额" int,
primary key ("词条id")
);

CREATE TABLE "电视机型号" (
"词条id" int,
"名称" text,
"产品定位" text,
"屏幕尺寸" int,
"屏幕比例" text,
"分辨率" int,
"背光灯寿命" int,
"定价" int,
"品牌id" int,
primary key ("词条id"),
foreign key("品牌id") references "电视机品牌"("词条id")
);

CREATE TABLE "电视机平台售卖" (
"型号id" int,
"平台" text,
"售价" int,
"最高价格" int,
"最低价格" int,
"售卖量" int,
"用户评分" int,
foreign key("型号id") references "电视机型号"("词条id")
);

CREATE TABLE "各城市电视机售卖" (
"城市" text,
"所属省份" text,
"电视机售卖量" int,
"观看电视日平均用时" int
);

insert into "电视机品牌" ("词条id", "名称", "所属公司", "国家", "市场份额") values ("item_product_8_56", "索尼", "索尼有限公司", "日本", "5%")

insert into "电视机品牌" ("词条id", "名称", "所属公司", "国家", "市场份额") values ("item_product_8_57", "夏普", "夏普商贸有限公司", "韩国", "23%")

insert into "电视机品牌" ("词条id", "名称", "所属公司", "国家", "市场份额") values ("item_product_8_58", "三星", "三星投资有限公司", "中国", "5%")

insert into "电视机品牌" ("词条id", "名称", "所属公司", "国家", "市场份额") values ("item_product_8_59", "海信", "海信集团有限公司", "美国", "5%")

insert into "电视机品牌" ("词条id", "名称", "所属公司", "国家", "市场份额") values ("item_product_8_60", "创维", "创维集团有限公司", "英国", "23%")

insert into "电视机型号" ("词条id", "名称", "产品定位", "屏幕尺寸", "屏幕比例", "分辨率", "背光灯寿命", "定价", "品牌id") values ("item_product_8_61", "索尼KLV-32EX310", "高清晰", "42寸", "4:3", "852×480", "5万", "1500", "item_product_8_59")

insert into "电视机型号" ("词条id", "名称", "产品定位", "屏幕尺寸", "屏幕比例", "分辨率", "背光灯寿命", "定价", "品牌id") values ("item_product_8_62", "夏普LCD-40LX330A", "超薄超轻", "46寸", "16:9", "1024×768", "10万小时", "5000", "item_product_8_58")

insert into "电视机型号" ("词条id", "名称", "产品定位", "屏幕尺寸", "屏幕比例", "分辨率", "背光灯寿命", "定价", "品牌id") values ("item_product_8_63", "三星UA46EH5000R", "小户型优选", "48寸", "16:9", "1024×1024", "5万", "5000", "item_product_8_58")

insert into "电视机型号" ("词条id", "名称", "产品定位", "屏幕尺寸", "屏幕比例", "分辨率", "背光灯寿命", "定价", "品牌id") values ("item_product_8_64", "海信LED42K320DX3D", "超大屏幕", "50寸", "16:9", "1920*1080", "5万", "5000", "item_product_8_59")

insert into "电视机型号" ("词条id", "名称", "产品定位", "屏幕尺寸", "屏幕比例", "分辨率", "背光灯寿命", "定价", "品牌id") values ("item_product_8_65", "创维42E6BRN", "3D超强体验", "52寸", "4:3", "3840*2160", "5万", "5000", "item_product_8_59")

insert into "电视机平台售卖" ("型号id", "平台", "售价", "最高价格", "最低价格", "售卖量", "用户评分") values ("item_product_8_65", "天猫商城", "1899", "1999", "1449", "10万", "6")

insert into "电视机平台售卖" ("型号id", "平台", "售价", "最高价格", "最低价格", "售卖量", "用户评分") values ("item_product_8_62", "京东商城", "4999", "5099", "4599", "50万", "8.5")

insert into "电视机平台售卖" ("型号id", "平台", "售价", "最高价格", "最低价格", "售卖量", "用户评分") values ("item_product_8_62", "苏宁易购", "4999", "5099", "1449", "10万", "8.5")

insert into "电视机平台售卖" ("型号id", "平台", "售价", "最高价格", "最低价格", "售卖量", "用户评分") values ("item_product_8_62", "拼多多", "1899", "5099", "1449", "50万", "6")

insert into "电视机平台售卖" ("型号id", "平台", "售价", "最高价格", "最低价格", "售卖量", "用户评分") values ("item_product_8_62", "天猫商城", "4999", "5099", "4599", "10万", "6")

insert into "各城市电视机售卖" ("城市", "所属省份", "电视机售卖量", "观看电视日平均用时") values ("哈尔滨", "黑龙江", "20万", "1小时")

insert into "各城市电视机售卖" ("城市", "所属省份", "电视机售卖量", "观看电视日平均用时") values ("沈阳", "辽宁", "100万", "3小时")

insert into "各城市电视机售卖" ("城市", "所属省份", "电视机售卖量", "观看电视日平均用时") values ("大连", "陕西", "20万", "3小时")

insert into "各城市电视机售卖" ("城市", "所属省份", "电视机售卖量", "观看电视日平均用时") values ("太原", "山西", "20万", "1小时")

insert into "各城市电视机售卖" ("城市", "所属省份", "电视机售卖量", "观看电视日平均用时") values ("西安", "甘肃", "20万", "3小时")

