PRAGMA foreign_keys = ON;

CREATE TABLE "大洲" (
"词条id" int,
"名称" text,
"面积" int,
"人口" int,
"人口密度" int,
"国家数量" int,
"民族数量" int,
primary key ("词条id")
);

CREATE TABLE "国家" (
"词条id" int,
"名称" text,
"首都" text,
"国土面积" int,
"人口数量" int,
"人口密度" int,
"水域率" int,
"GDP总计" int,
"人均GDP" int,
"道路通行" text,
"人类发展指数" int,
"所属洲id" int,
primary key ("词条id"),
foreign key("所属洲id") references "大洲"("词条id")
);

CREATE TABLE "最大都市" (
"城市名称" text,
"国家id" int,
"大洲id" int,
foreign key("大洲id") references "大洲"("词条id"),
foreign key("国家id") references "国家"("词条id")
);

CREATE TABLE "2019年进出口" (
"月份" int,
"大洲id" text,
"进出口" int,
"进口" int,
"出口" int,
"进出口同期比" int,
"进口同期比" int,
"出口同期比" int,
foreign key("大洲id") references "大洲"("词条id")
);

CREATE TABLE "大洲分界线" (
"分界线名称" text,
"源大洲名称" int,
"目标大洲名称" int
);

insert into "大洲" ("词条id", "名称", "面积", "人口", "人口密度", "国家数量", "民族数量") values ("item_geography.2_15_131", "欧洲", "1000平方米", "250万", "70人/km²", "48个", "160个")

insert into "大洲" ("词条id", "名称", "面积", "人口", "人口密度", "国家数量", "民族数量") values ("item_geography.2_15_132", "亚洲", "3456平方米", "114万", "102人/km²", "50个", "156个")

insert into "大洲" ("词条id", "名称", "面积", "人口", "人口密度", "国家数量", "民族数量") values ("item_geography.2_15_133", "北美洲", "2256平方米", "100万", "76人/km²", "67个", "100个")

insert into "大洲" ("词条id", "名称", "面积", "人口", "人口密度", "国家数量", "民族数量") values ("item_geography.2_15_134", "南美洲", "125平方米", "400万", "86人/km²", "89个", "98个")

insert into "大洲" ("词条id", "名称", "面积", "人口", "人口密度", "国家数量", "民族数量") values ("item_geography.2_15_135", "非洲", "1689平方米", "500万", "90人/km²", "34个", "56个")

insert into "国家" ("词条id", "名称", "首都", "国土面积", "人口数量", "人口密度", "水域率", "GDP总计", "人均GDP", "道路通行", "人类发展指数", "所属洲id") values ("item_geography.2_15_136", "美国", "华盛顿", "937万平方公里", "约3.30亿", "35.6人/平方公里", "6.76%", "20.5万亿美元", "59532美元", "靠右行驶", "0.914", "item_geography.2_15_133")

insert into "国家" ("词条id", "名称", "首都", "国土面积", "人口数量", "人口密度", "水域率", "GDP总计", "人均GDP", "道路通行", "人类发展指数", "所属洲id") values ("item_geography.2_15_137", "加拿大", "渥太华", "998万平方公里", "3707万", "4人/平方公里", "8.92%", "1.7万亿美元", "41625美元", "靠右行驶", "0.911", "item_geography.2_15_132")

insert into "国家" ("词条id", "名称", "首都", "国土面积", "人口数量", "人口密度", "水域率", "GDP总计", "人均GDP", "道路通行", "人类发展指数", "所属洲id") values ("item_geography.2_15_138", "中国", "北京", "937万平方公里", "约3.30亿", "35.6人/平方公里", "6.76%", "20.5万亿美元", "59532美元", "靠右行驶", "0.914", "item_geography.2_15_134")

insert into "国家" ("词条id", "名称", "首都", "国土面积", "人口数量", "人口密度", "水域率", "GDP总计", "人均GDP", "道路通行", "人类发展指数", "所属洲id") values ("item_geography.2_15_139", "巴西", "巴西利亚", "937万平方公里", "约3.30亿", "35.6人/平方公里", "6.76%", "20.5万亿美元", "59532美元", "靠右行驶", "0.914", "item_geography.2_15_133")

insert into "国家" ("词条id", "名称", "首都", "国土面积", "人口数量", "人口密度", "水域率", "GDP总计", "人均GDP", "道路通行", "人类发展指数", "所属洲id") values ("item_geography.2_15_140", "新西兰", "惠灵顿", "937万平方公里", "约3.30亿", "35.6人/平方公里", "6.76%", "20.5万亿美元", "59532美元", "靠右行驶", "0.914", "item_geography.2_15_131")

insert into "最大都市" ("城市名称", "国家id", "大洲id") values ("伦敦", "item_geography.2_15_138", "item_geography.2_15_134")

insert into "最大都市" ("城市名称", "国家id", "大洲id") values ("东京", "item_geography.2_15_138", "item_geography.2_15_133")

insert into "最大都市" ("城市名称", "国家id", "大洲id") values ("北京", "item_geography.2_15_140", "item_geography.2_15_134")

insert into "最大都市" ("城市名称", "国家id", "大洲id") values ("首尔", "item_geography.2_15_136", "item_geography.2_15_132")

insert into "最大都市" ("城市名称", "国家id", "大洲id") values ("纽约", "item_geography.2_15_140", "item_geography.2_15_133")

insert into "2019年进出口" ("月份", "大洲id", "进出口", "进口", "出口", "进出口同期比", "进口同期比", "出口同期比") values ("8月", "item_geography.2_15_135", "5190100", "2281519", "2908581", "11.1", "19.4", "2.7")

insert into "2019年进出口" ("月份", "大洲id", "进出口", "进口", "出口", "进出口同期比", "进口同期比", "出口同期比") values ("3月", "item_geography.2_15_133", "5190100", "2281519", "2908581", "11.1", "19.4", "2.7")

insert into "2019年进出口" ("月份", "大洲id", "进出口", "进口", "出口", "进出口同期比", "进口同期比", "出口同期比") values ("4月", "item_geography.2_15_132", "5190100", "2281519", "2908581", "11.1", "19.4", "2.7")

insert into "2019年进出口" ("月份", "大洲id", "进出口", "进口", "出口", "进出口同期比", "进口同期比", "出口同期比") values ("5月", "item_geography.2_15_134", "5190100", "2281519", "2908581", "11.1", "19.4", "2.7")

insert into "2019年进出口" ("月份", "大洲id", "进出口", "进口", "出口", "进出口同期比", "进口同期比", "出口同期比") values ("7月", "item_geography.2_15_131", "5190100", "2281519", "2908581", "11.1", "19.4", "2.7")

insert into "大洲分界线" ("分界线名称", "源大洲名称", "目标大洲名称") values ("乌拉尔山脉", "亚洲", "欧洲")

insert into "大洲分界线" ("分界线名称", "源大洲名称", "目标大洲名称") values ("白令海峡", "亚洲", "北美")

insert into "大洲分界线" ("分界线名称", "源大洲名称", "目标大洲名称") values ("帝汶海", "亚洲", "大洋")

insert into "大洲分界线" ("分界线名称", "源大洲名称", "目标大洲名称") values ("直布罗陀海峡", "欧洲", "非洲")

insert into "大洲分界线" ("分界线名称", "源大洲名称", "目标大洲名称") values ("巴拿马运河", "北美", "南美")

