PRAGMA foreign_keys = ON;

CREATE TABLE "篮球运动员" (
"词条id" int,
"中文名" text,
"场上位置" text,
"球队" text,
"年龄" int,
primary key ("词条id")
);

CREATE TABLE "比赛记录" (
"赛季" int,
"球队" text,
"赛事类型" text,
"球员id" int,
"出场次数" int,
"首发次数" int,
"投篮" int,
"罚球" int,
"三分球" int,
"总篮板" int,
"抢断" int,
"助攻" int,
"防守" int,
"犯规" int,
"得分" int,
foreign key("球员id") references "篮球运动员"("词条id")
);

CREATE TABLE "生涯之最" (
"球员id" int,
"单场得分" int,
"篮板球次数" int,
"抢断次数" int,
"助攻次数" int,
"盖帽次数" int,
"比赛时间" time,
"比赛对手" text,
primary key ("球员id"),
foreign key("球员id") references "篮球运动员"("词条id")
);

insert into "篮球运动员" ("词条id", "中文名", "场上位置", "球队", "年龄") values ("item_sports.2_10_96", "库里", "控球后卫", "亚特兰大老鹰队", "19岁")

insert into "篮球运动员" ("词条id", "中文名", "场上位置", "球队", "年龄") values ("item_sports.2_10_97", "杜兰特", "得分后卫", "波士顿凯尔特人队", "20岁")

insert into "篮球运动员" ("词条id", "中文名", "场上位置", "球队", "年龄") values ("item_sports.2_10_98", "威斯布鲁克", "小前锋", "芝加哥公牛队", "25岁")

insert into "篮球运动员" ("词条id", "中文名", "场上位置", "球队", "年龄") values ("item_sports.2_10_99", "保罗", "大前锋", "达拉斯独行侠队", "30岁")

insert into "篮球运动员" ("词条id", "中文名", "场上位置", "球队", "年龄") values ("item_sports.2_10_100", "詹姆斯", "中锋", "丹佛掘金队", "35岁")

insert into "比赛记录" ("赛季", "球队", "赛事类型", "球员id", "出场次数", "首发次数", "投篮", "罚球", "三分球", "总篮板", "抢断", "助攻", "防守", "犯规", "得分") values ("2005-06赛季", "凯尔特人", "常规赛", "item_sports.2_10_100", "20", "20", "30%", "50%", "20%", "1", "0", "0", "2", "1", "6")

insert into "比赛记录" ("赛季", "球队", "赛事类型", "球员id", "出场次数", "首发次数", "投篮", "罚球", "三分球", "总篮板", "抢断", "助攻", "防守", "犯规", "得分") values ("2007-08赛季", "勇士", "季后赛", "item_sports.2_10_96", "30", "40", "35%", "51%", "25%", "3", "1", "4", "4", "2", "7")

insert into "比赛记录" ("赛季", "球队", "赛事类型", "球员id", "出场次数", "首发次数", "投篮", "罚球", "三分球", "总篮板", "抢断", "助攻", "防守", "犯规", "得分") values ("2010-2011赛季", "湖人", "常规赛", "item_sports.2_10_99", "40", "50", "39%", "60%", "39%", "4", "3", "5", "6", "3", "10")

insert into "比赛记录" ("赛季", "球队", "赛事类型", "球员id", "出场次数", "首发次数", "投篮", "罚球", "三分球", "总篮板", "抢断", "助攻", "防守", "犯规", "得分") values ("2011-2012赛季", "活塞", "常规赛", "item_sports.2_10_98", "50", "60", "40%", "78%", "40%", "2", "4", "6", "7", "4", "25")

insert into "比赛记录" ("赛季", "球队", "赛事类型", "球员id", "出场次数", "首发次数", "投篮", "罚球", "三分球", "总篮板", "抢断", "助攻", "防守", "犯规", "得分") values ("2017-2018赛季", "快船", "常规赛", "item_sports.2_10_98", "80", "80", "50%", "95%", "45%", "5", "5", "7", "8", "5", "35")

insert into "生涯之最" ("球员id", "单场得分", "篮板球次数", "抢断次数", "助攻次数", "盖帽次数", "比赛时间", "比赛对手") values ("item_sports.2_10_100", "30", "10", "6", "10", "3", "2003", "杜兰特")

insert into "生涯之最" ("球员id", "单场得分", "篮板球次数", "抢断次数", "助攻次数", "盖帽次数", "比赛时间", "比赛对手") values ("item_sports.2_10_99", "35", "11", "7", "11", "4", "2014", "乔丹")

insert into "生涯之最" ("球员id", "单场得分", "篮板球次数", "抢断次数", "助攻次数", "盖帽次数", "比赛时间", "比赛对手") values ("item_sports.2_10_96", "77", "12", "8", "12", "5", "2013", "詹姆斯")

insert into "生涯之最" ("球员id", "单场得分", "篮板球次数", "抢断次数", "助攻次数", "盖帽次数", "比赛时间", "比赛对手") values ("item_sports.2_10_99", "65", "13", "9", "13", "6", "2015", "库里")

insert into "生涯之最" ("球员id", "单场得分", "篮板球次数", "抢断次数", "助攻次数", "盖帽次数", "比赛时间", "比赛对手") values ("item_sports.2_10_99", "80", "14", "10", "14", "7", "2006", "乔丹")

