PRAGMA foreign_keys = ON;

CREATE TABLE "会议" (
"词条id" int,
"名称" text,
"成立时间" time,
"级别" text,
primary key ("词条id")
);

CREATE TABLE "各会议论文" (
"会议id" int,
"年份" time,
"长文提交量" int,
"长文录取率" int,
"短文提交量" int,
"短文录取率" int,
foreign key("会议id") references "会议"("词条id")
);

CREATE TABLE "各会议论文大洲分布" (
"会议id" int,
"年份" time,
"大洲" text,
"提交数量占比" int,
foreign key("会议id") references "会议"("词条id")
);

CREATE TABLE "各会议论文国家分布" (
"会议id" int,
"年份" time,
"国家" text,
"提交数量占比" int,
foreign key("会议id") references "会议"("词条id")
);

CREATE TABLE "2019年会议各方向分布" (
"方向名称" text,
"会议id" int,
"长文提交量" int,
"长文录取率" int,
"短文提交量" int,
"短文录取率" int,
foreign key("会议id") references "会议"("词条id")
);

insert into "会议" ("词条id", "名称", "成立时间", "级别") values ("item_book.2_15_186", "ACL", "1962-07-24", "一级")

insert into "会议" ("词条id", "名称", "成立时间", "级别") values ("item_book.2_15_187", "EMNLP", "1996-04-23", "二级")

insert into "会议" ("词条id", "名称", "成立时间", "级别") values ("item_book.2_15_188", "IJCAI", "1969-11-07", "一级")

insert into "会议" ("词条id", "名称", "成立时间", "级别") values ("item_book.2_15_189", "AAAI", "1979-03-03", "一级")

insert into "会议" ("词条id", "名称", "成立时间", "级别") values ("item_book.2_15_190", "NAACL", "2000-12-04", "二级")

insert into "各会议论文" ("会议id", "年份", "长文提交量", "长文录取率", "短文提交量", "短文录取率") values ("item_book.2_15_187", "2015-07-24", "1000", "19%", "800", "19%")

insert into "各会议论文" ("会议id", "年份", "长文提交量", "长文录取率", "短文提交量", "短文录取率") values ("item_book.2_15_189", "2016-06-06", "2000", "20%", "900", "20%")

insert into "各会议论文" ("会议id", "年份", "长文提交量", "长文录取率", "短文提交量", "短文录取率") values ("item_book.2_15_186", "2017-08-08", "3000", "22%", "1000", "22%")

insert into "各会议论文" ("会议id", "年份", "长文提交量", "长文录取率", "短文提交量", "短文录取率") values ("item_book.2_15_188", "2018-09-09", "3500", "23%", "1100", "23%")

insert into "各会议论文" ("会议id", "年份", "长文提交量", "长文录取率", "短文提交量", "短文录取率") values ("item_book.2_15_189", "2019-10-10", "4000", "25%", "1400", "25%")

insert into "各会议论文大洲分布" ("会议id", "年份", "大洲", "提交数量占比") values ("item_book.2_15_186", "2015-07-23", "北美", "5%")

insert into "各会议论文大洲分布" ("会议id", "年份", "大洲", "提交数量占比") values ("item_book.2_15_188", "2016-08-21", "欧洲", "10%")

insert into "各会议论文大洲分布" ("会议id", "年份", "大洲", "提交数量占比") values ("item_book.2_15_187", "2017-10-10", "亚洲", "25%")

insert into "各会议论文大洲分布" ("会议id", "年份", "大洲", "提交数量占比") values ("item_book.2_15_187", "2018-04-16", "非洲", "30%")

insert into "各会议论文大洲分布" ("会议id", "年份", "大洲", "提交数量占比") values ("item_book.2_15_187", "2019-11-24", "大洋洲", "50%")

insert into "各会议论文国家分布" ("会议id", "年份", "国家", "提交数量占比") values ("item_book.2_15_186", "2015-07-23", "美国", "5%")

insert into "各会议论文国家分布" ("会议id", "年份", "国家", "提交数量占比") values ("item_book.2_15_187", "2016-08-21", "中国", "20%")

insert into "各会议论文国家分布" ("会议id", "年份", "国家", "提交数量占比") values ("item_book.2_15_188", "2017-10-10", "印度", "25%")

insert into "各会议论文国家分布" ("会议id", "年份", "国家", "提交数量占比") values ("item_book.2_15_190", "2018-03-24", "韩国", "305")

insert into "各会议论文国家分布" ("会议id", "年份", "国家", "提交数量占比") values ("item_book.2_15_187", "2019-05-08", "英国", "40%")

insert into "2019年会议各方向分布" ("方向名称", "会议id", "长文提交量", "长文录取率", "短文提交量", "短文录取率") values ("字级别语义", "item_book.2_15_189", "50", "17%", "20", "15%")

insert into "2019年会议各方向分布" ("方向名称", "会议id", "长文提交量", "长文录取率", "短文提交量", "短文录取率") values ("句子级别语义", "item_book.2_15_188", "60", "20%", "30", "17%")

insert into "2019年会议各方向分布" ("方向名称", "会议id", "长文提交量", "长文录取率", "短文提交量", "短文录取率") values ("机器翻译", "item_book.2_15_188", "70", "25%", "35", "20%")

insert into "2019年会议各方向分布" ("方向名称", "会议id", "长文提交量", "长文录取率", "短文提交量", "短文录取率") values ("对话生成", "item_book.2_15_189", "100", "24%", "40", "22%")

insert into "2019年会议各方向分布" ("方向名称", "会议id", "长文提交量", "长文录取率", "短文提交量", "短文录取率") values ("文本问答", "item_book.2_15_188", "150", "29%", "90", "27%")

