PRAGMA foreign_keys = ON;

CREATE TABLE "地产集团" (
"词条id" int,
"名称" text,
"位于城市" text,
"所属省份" text,
"年销售额" int,
"销售额同比增长" int,
"销售额市场占比" int,
"商品房销售面积" int,
"销售面积同比增长" int,
"销售面积" int,
"市场占比" int,
primary key ("词条id")
);

CREATE TABLE "2019年房地产企业500强" (
"集团id" int,
"总排名" int,
"发展潜力排名" int,
"成长速度排名" int,
"综合发展排名" int,
"创新能力排名" int,
primary key ("集团id"),
foreign key("集团id") references "地产集团"("词条id")
);

CREATE TABLE "2019年房地产企业运营100强" (
"集团id" int,
"运营效率排名" int,
"区域运营排名" int,
"稳健运营排名" int,
"商业地产运营排名" int,
"社区文化运营排名" int,
"长租公寓运营排名" int,
primary key ("集团id"),
foreign key("集团id") references "地产集团"("词条id")
);

CREATE TABLE "房地产各城市排名" (
"集团id" int,
"城市" text,
"排名" int,
"销售面积" int,
"销售额" int,
foreign key("集团id") references "地产集团"("词条id")
);

CREATE TABLE "房产公司典型项目" (
"项目名称" text,
"所属集团id" int,
"位于城市" text,
"占地面积" int,
"总户数" int,
"户型面积" int,
foreign key("所属集团id") references "地产集团"("词条id")
);

insert into "地产集团" ("词条id", "名称", "位于城市", "所属省份", "年销售额", "销售额同比增长", "销售额市场占比", "商品房销售面积", "销售面积同比增长", "销售面积", "市场占比") values ("item_enterprise_16_156", "恒大", "北京", "北京", "1", "10%", "5%", "2亿", "10%", "100", "5%")

insert into "地产集团" ("词条id", "名称", "位于城市", "所属省份", "年销售额", "销售额同比增长", "销售额市场占比", "商品房销售面积", "销售面积同比增长", "销售面积", "市场占比") values ("item_enterprise_16_157", "碧桂园", "深圳", "上海", "8.5万亿", "34.7%", "17%", "6.4亿平方米", "22.3%", "200", "16%")

insert into "地产集团" ("词条id", "名称", "位于城市", "所属省份", "年销售额", "销售额同比增长", "销售额市场占比", "商品房销售面积", "销售面积同比增长", "销售面积", "市场占比") values ("item_enterprise_16_158", "万科", "大连", "广东", "1", "10%", "17%", "6.4亿平方米", "22.3%", "200", "5%")

insert into "地产集团" ("词条id", "名称", "位于城市", "所属省份", "年销售额", "销售额同比增长", "销售额市场占比", "商品房销售面积", "销售面积同比增长", "销售面积", "市场占比") values ("item_enterprise_16_159", "融创", "上海", "浙江", "8.5万亿", "34.7%", "5%", "2亿", "10%", "200", "5%")

insert into "地产集团" ("词条id", "名称", "位于城市", "所属省份", "年销售额", "销售额同比增长", "销售额市场占比", "商品房销售面积", "销售面积同比增长", "销售面积", "市场占比") values ("item_enterprise_16_160", "绿地", "杭州", "辽宁", "8.5万亿", "34.7%", "17%", "6.4亿平方米", "10%", "100", "5%")

insert into "2019年房地产企业500强" ("集团id", "总排名", "发展潜力排名", "成长速度排名", "综合发展排名", "创新能力排名") values ("item_enterprise_16_156", "1", "1", "1", "1", "1")

insert into "2019年房地产企业500强" ("集团id", "总排名", "发展潜力排名", "成长速度排名", "综合发展排名", "创新能力排名") values ("item_enterprise_16_158", "500", "100", "100", "100", "100")

insert into "2019年房地产企业500强" ("集团id", "总排名", "发展潜力排名", "成长速度排名", "综合发展排名", "创新能力排名") values ("item_enterprise_16_159", "500", "100", "1", "1", "1")

insert into "2019年房地产企业500强" ("集团id", "总排名", "发展潜力排名", "成长速度排名", "综合发展排名", "创新能力排名") values ("item_enterprise_16_157", "500", "100", "100", "100", "100")

insert into "2019年房地产企业500强" ("集团id", "总排名", "发展潜力排名", "成长速度排名", "综合发展排名", "创新能力排名") values ("item_enterprise_16_156", "500", "100", "100", "100", "100")

insert into "2019年房地产企业运营100强" ("集团id", "运营效率排名", "区域运营排名", "稳健运营排名", "商业地产运营排名", "社区文化运营排名", "长租公寓运营排名") values ("item_enterprise_16_156", "1", "1", "1", "1", "1", "1")

insert into "2019年房地产企业运营100强" ("集团id", "运营效率排名", "区域运营排名", "稳健运营排名", "商业地产运营排名", "社区文化运营排名", "长租公寓运营排名") values ("item_enterprise_16_157", "500", "100", "100", "100", "100", "100")

insert into "2019年房地产企业运营100强" ("集团id", "运营效率排名", "区域运营排名", "稳健运营排名", "商业地产运营排名", "社区文化运营排名", "长租公寓运营排名") values ("item_enterprise_16_156", "500", "1", "100", "100", "100", "1")

insert into "2019年房地产企业运营100强" ("集团id", "运营效率排名", "区域运营排名", "稳健运营排名", "商业地产运营排名", "社区文化运营排名", "长租公寓运营排名") values ("item_enterprise_16_156", "1", "100", "1", "100", "100", "1")

insert into "2019年房地产企业运营100强" ("集团id", "运营效率排名", "区域运营排名", "稳健运营排名", "商业地产运营排名", "社区文化运营排名", "长租公寓运营排名") values ("item_enterprise_16_160", "1", "100", "1", "100", "100", "1")

insert into "房地产各城市排名" ("集团id", "城市", "排名", "销售面积", "销售额") values ("item_enterprise_16_157", "北京", "1", "1亿", "100亿")

insert into "房地产各城市排名" ("集团id", "城市", "排名", "销售面积", "销售额") values ("item_enterprise_16_157", "上海", "10", "2亿平方米", "1万亿")

insert into "房地产各城市排名" ("集团id", "城市", "排名", "销售面积", "销售额") values ("item_enterprise_16_157", "西安", "10", "2亿平方米", "100亿")

insert into "房地产各城市排名" ("集团id", "城市", "排名", "销售面积", "销售额") values ("item_enterprise_16_159", "南京", "10", "1亿", "100亿")

insert into "房地产各城市排名" ("集团id", "城市", "排名", "销售面积", "销售额") values ("item_enterprise_16_158", "成都", "10", "1亿", "100亿")

insert into "房产公司典型项目" ("项目名称", "所属集团id", "位于城市", "占地面积", "总户数", "户型面积") values ("大信新都汇", "item_enterprise_16_160", "北京", "15000", "300", "80")

insert into "房产公司典型项目" ("项目名称", "所属集团id", "位于城市", "占地面积", "总户数", "户型面积") values ("龙湖新城", "item_enterprise_16_157", "上海", "31990平方米", "500", "130平方米")

insert into "房产公司典型项目" ("项目名称", "所属集团id", "位于城市", "占地面积", "总户数", "户型面积") values ("新河湾半岛", "item_enterprise_16_159", "西安", "15000", "300", "130平方米")

insert into "房产公司典型项目" ("项目名称", "所属集团id", "位于城市", "占地面积", "总户数", "户型面积") values ("淀山湖一号", "item_enterprise_16_156", "南京", "15000", "300", "80")

insert into "房产公司典型项目" ("项目名称", "所属集团id", "位于城市", "占地面积", "总户数", "户型面积") values ("天山世界一号", "item_enterprise_16_157", "深圳", "31990平方米", "500", "80")

