PRAGMA foreign_keys = ON;

CREATE TABLE "运动员" (
"词条id" int,
"姓名" text,
"性别" text,
"国籍" text,
"出生地" text,
"出生日期" time,
"体重" int,
primary key ("词条id")
);

CREATE TABLE "举重世界记录" (
"公斤级别" int,
"项目类型" text,
"记录成绩" int,
"运动员id" int,
"破纪录时间" time,
foreign key("运动员id") references "运动员"("词条id")
);

CREATE TABLE "举重奥运会冠军" (
"奥运会名称" text,
"公斤级别" int,
"运动员id" int,
foreign key("运动员id") references "运动员"("词条id")
);

insert into "运动员" ("词条id", "姓名", "性别", "国籍", "出生地", "出生日期", "体重") values ("item_sports.2_9_91", "金恩国", "男", "中国", "江苏苏州西山镇", "1987.11.10", "56kg")

insert into "运动员" ("词条id", "姓名", "性别", "国籍", "出生地", "出生日期", "体重") values ("item_sports.2_9_92", "吴锦标", "男", "韩国", "哈萨克斯坦首都大街", "1995.10.24", "105kg")

insert into "运动员" ("词条id", "姓名", "性别", "国籍", "出生地", "出生日期", "体重") values ("item_sports.2_9_93", "战力军", "男", "朝鲜", "俄罗斯莫斯科", "1987.11.10", "105kg")

insert into "运动员" ("词条id", "姓名", "性别", "国籍", "出生地", "出生日期", "体重") values ("item_sports.2_9_94", "廖晖", "男", "哈萨克斯坦", "瑞士伯尔尼", "1987.11.10", "105kg")

insert into "运动员" ("词条id", "姓名", "性别", "国籍", "出生地", "出生日期", "体重") values ("item_sports.2_9_95", "拉希莫夫", "男", "白俄罗斯", "哈萨克斯坦首都大街", "1987.11.10", "56kg")

insert into "举重世界记录" ("公斤级别", "项目类型", "记录成绩", "运动员id", "破纪录时间") values ("56KG", "抓举", "抓举:117~135", "item_sports.2_9_93", "2006")

insert into "举重世界记录" ("公斤级别", "项目类型", "记录成绩", "运动员id", "破纪录时间") values ("62KG", "挺举", "挺举:171~242", "item_sports.2_9_91", "2017")

insert into "举重世界记录" ("公斤级别", "项目类型", "记录成绩", "运动员id", "破纪录时间") values ("69KG", "总成绩", "总成绩:307~472", "item_sports.2_9_94", "2006")

insert into "举重世界记录" ("公斤级别", "项目类型", "记录成绩", "运动员id", "破纪录时间") values ("77KG", "挺举", "总成绩:307~472", "item_sports.2_9_92", "2017")

insert into "举重世界记录" ("公斤级别", "项目类型", "记录成绩", "运动员id", "破纪录时间") values ("85KG", "总成绩", "抓举:117~135", "item_sports.2_9_93", "2017")

insert into "举重奥运会冠军" ("奥运会名称", "公斤级别", "运动员id") values ("1984年洛杉矶奥运会", "男子52公斤级", "item_sports.2_9_93")

insert into "举重奥运会冠军" ("奥运会名称", "公斤级别", "运动员id") values ("1984年洛杉矶奥运会", "男子56公斤级", "item_sports.2_9_93")

insert into "举重奥运会冠军" ("奥运会名称", "公斤级别", "运动员id") values ("1984年洛杉矶奥运会", "男子60公斤级", "item_sports.2_9_94")

insert into "举重奥运会冠军" ("奥运会名称", "公斤级别", "运动员id") values ("1984年洛杉矶奥运会", "男子67.5公斤级", "item_sports.2_9_94")

insert into "举重奥运会冠军" ("奥运会名称", "公斤级别", "运动员id") values ("1996年亚特兰大奥运会", "男子59公斤级", "item_sports.2_9_94")

