PRAGMA foreign_keys = ON;

CREATE TABLE "城市" (
"词条id" int,
"名称" text,
"所属省份" text,
"地区生产总值" int,
"生产总值增长率" int,
"第一产业总值" int,
"第二产业总值" int,
"第三产业总值" int,
primary key ("词条id")
);

CREATE TABLE "城市金融产业" (
"城市id" int,
"金融业增加值" text,
"增长率" text,
"金融机构数量" int,
"外币存款余额" int,
"存款余额增长率" int,
"贷款余额" int,
"贷款余额增长率" int,
primary key ("城市id"),
foreign key("城市id") references "城市"("词条id")
);

CREATE TABLE "城市贸易产业" (
"城市id" int,
"行业" text,
"进口额" int,
"进口额增长率" int,
"出口额" int,
"出口额增长率" int,
foreign key("城市id") references "城市"("词条id")
);

CREATE TABLE "城市第一产业" (
"城市id" int,
"产业类型" text,
"收入" int,
"收入增长率" int,
"产量" int,
"产量增长率" int,
foreign key("城市id") references "城市"("词条id")
);

insert into "城市" ("词条id", "名称", "所属省份", "地区生产总值", "生产总值增长率", "第一产业总值", "第二产业总值", "第三产业总值") values ("item_geostatistics_18_81", "杭州", "浙江", "8000亿", "4%", "500亿", "2000亿", "1000亿")

insert into "城市" ("词条id", "名称", "所属省份", "地区生产总值", "生产总值增长率", "第一产业总值", "第二产业总值", "第三产业总值") values ("item_geostatistics_18_82", "武汉", "湖北", "13509亿", "6.7%", "2000亿", "4572亿", "8600亿")

insert into "城市" ("词条id", "名称", "所属省份", "地区生产总值", "生产总值增长率", "第一产业总值", "第二产业总值", "第三产业总值") values ("item_geostatistics_18_83", "长沙", "湖南", "8000亿", "4%", "2000亿", "2000亿", "1000亿")

insert into "城市" ("词条id", "名称", "所属省份", "地区生产总值", "生产总值增长率", "第一产业总值", "第二产业总值", "第三产业总值") values ("item_geostatistics_18_84", "成都", "四川", "8000亿", "6.7%", "2000亿", "2000亿", "8600亿")

insert into "城市" ("词条id", "名称", "所属省份", "地区生产总值", "生产总值增长率", "第一产业总值", "第二产业总值", "第三产业总值") values ("item_geostatistics_18_85", "郑州", "河南", "8000亿", "4%", "2000亿", "2000亿", "8600亿")

insert into "城市金融产业" ("城市id", "金融业增加值", "增长率", "金融机构数量", "外币存款余额", "存款余额增长率", "贷款余额", "贷款余额增长率") values ("item_geostatistics_18_83", "100亿", "2%", "100", "10000亿", "-5%", "10000亿", "1%")

insert into "城市金融产业" ("城市id", "金融业增加值", "增长率", "金融机构数量", "外币存款余额", "存款余额增长率", "贷款余额", "贷款余额增长率") values ("item_geostatistics_18_82", "1197亿", "9%", "525家", "39800亿", "9%", "36000亿", "25%")

insert into "城市金融产业" ("城市id", "金融业增加值", "增长率", "金融机构数量", "外币存款余额", "存款余额增长率", "贷款余额", "贷款余额增长率") values ("item_geostatistics_18_84", "100亿", "2%", "100", "39800亿", "9%", "10000亿", "25%")

insert into "城市金融产业" ("城市id", "金融业增加值", "增长率", "金融机构数量", "外币存款余额", "存款余额增长率", "贷款余额", "贷款余额增长率") values ("item_geostatistics_18_81", "100亿", "2%", "100", "10000亿", "-5%", "36000亿", "25%")

insert into "城市金融产业" ("城市id", "金融业增加值", "增长率", "金融机构数量", "外币存款余额", "存款余额增长率", "贷款余额", "贷款余额增长率") values ("item_geostatistics_18_85", "1197亿", "2%", "525家", "39800亿", "-5%", "36000亿", "25%")

insert into "城市贸易产业" ("城市id", "行业", "进口额", "进口额增长率", "出口额", "出口额增长率") values ("item_geostatistics_18_85", "高新技术产品", "113亿", "8.3%", "80亿", "0.4%")

insert into "城市贸易产业" ("城市id", "行业", "进口额", "进口额增长率", "出口额", "出口额增长率") values ("item_geostatistics_18_83", "机电产品", "518亿", "120%", "1400亿", "14.9%")

insert into "城市贸易产业" ("城市id", "行业", "进口额", "进口额增长率", "出口额", "出口额增长率") values ("item_geostatistics_18_81", "农业产品", "113亿", "8.3%", "1400亿", "14.9%")

insert into "城市贸易产业" ("城市id", "行业", "进口额", "进口额增长率", "出口额", "出口额增长率") values ("item_geostatistics_18_84", "服务贸易", "518亿", "120%", "80亿", "14.9%")

insert into "城市贸易产业" ("城市id", "行业", "进口额", "进口额增长率", "出口额", "出口额增长率") values ("item_geostatistics_18_84", "跨境电商", "518亿", "8.3%", "1400亿", "0.4%")

insert into "城市第一产业" ("城市id", "产业类型", "收入", "收入增长率", "产量", "产量增长率") values ("item_geostatistics_18_84", "农业", "30亿", "2.4%", "21万吨", "-10%")

insert into "城市第一产业" ("城市id", "产业类型", "收入", "收入增长率", "产量", "产量增长率") values ("item_geostatistics_18_82", "林业", "210亿", "6.3%", "342万吨", "4.9%")

insert into "城市第一产业" ("城市id", "产业类型", "收入", "收入增长率", "产量", "产量增长率") values ("item_geostatistics_18_81", "渔业", "30亿", "2.4%", "342万吨", "-10%")

insert into "城市第一产业" ("城市id", "产业类型", "收入", "收入增长率", "产量", "产量增长率") values ("item_geostatistics_18_81", "牧业", "210亿", "2.4%", "21万吨", "4.9%")

insert into "城市第一产业" ("城市id", "产业类型", "收入", "收入增长率", "产量", "产量增长率") values ("item_geostatistics_18_81", "渔业", "210亿", "2.4%", "342万吨", "4.9%")

