PRAGMA foreign_keys = ON;

CREATE TABLE "球队" (
"词条id" int,
"中文队名" text,
"所属地区" text,
"成立时间" time,
"主场馆" text,
"容纳人数" int,
"主席" text,
"体育经理" text,
"创始人" text,
"现任队长" text,
"副队长" text,
primary key ("词条id")
);

CREATE TABLE "球队欧冠赛事" (
"名次" int,
"球队id" int,
"届数" int,
"场次" int,
"胜次数" int,
"平次数" int,
"负次数" int,
"失球" int,
"净胜球" int,
"场均积分" int,
"场均进球" int,
"最好成绩" text,
foreign key("球队id") references "球队"("词条id")
);

CREATE TABLE "欧冠冠亚军" (
"届数" int,
"杯赛" text,
"冠军球队id" int,
"亚军球队id" int,
"冠军主教练" text,
"决赛比分" text,
"决赛场地" text,
foreign key("冠军球队id") references "球队"("词条id"),
foreign key("亚军球队id") references "球队"("词条id")
);

insert into "球队" ("词条id", "中文队名", "所属地区", "成立时间", "主场馆", "容纳人数", "主席", "体育经理", "创始人", "现任队长", "副队长") values ("item_sports.2_19_156", "巴西", "巴西", "1954", "波尔多体育场", "18000", "蒂特", "贝利", "亨利·德劳内", "内马尔", "阿尔维斯")

insert into "球队" ("词条id", "中文队名", "所属地区", "成立时间", "主场馆", "容纳人数", "主席", "体育经理", "创始人", "现任队长", "副队长") values ("item_sports.2_19_157", "墨西哥", "墨西哥", "1960", "博拉尔特球场", "21000", "费尔南多·桑托斯", "马努埃尔·诺伊尔", "耶罗", "C罗", "蒂博·库尔图瓦")

insert into "球队" ("词条id", "中文队名", "所属地区", "成立时间", "主场馆", "容纳人数", "主席", "体育经理", "创始人", "现任队长", "副队长") values ("item_sports.2_19_158", "荷兰", "荷兰", "1964", "尼斯体育场", "21000", "贝托", "马茨·胡默尔斯", "劳尔", "约翰·波耶", "埃登·阿扎尔")

insert into "球队" ("词条id", "中文队名", "所属地区", "成立时间", "主场馆", "容纳人数", "主席", "体育经理", "创始人", "现任队长", "副队长") values ("item_sports.2_19_159", "西班牙", "西班牙", "19", "里昂体育场", "21000", "威廉·卡瓦略", "梅苏特·厄齐尔", "卡西利亚斯", "瓦卡索·穆巴拉克", "文森特·孔帕尼")

insert into "球队" ("词条id", "中文队名", "所属地区", "成立时间", "主场馆", "容纳人数", "主席", "体育经理", "创始人", "现任队长", "副队长") values ("item_sports.2_19_160", "法国", "法国", "67", "图卢兹体育场", "18000", "拉斐尔·格雷罗", "隆-罗伯特·齐勒", "比利亚", "马耶德·瓦利斯", "托马斯·维尔马伦")

insert into "球队欧冠赛事" ("名次", "球队id", "届数", "场次", "胜次数", "平次数", "负次数", "失球", "净胜球", "场均积分", "场均进球", "最好成绩") values ("1", "item_sports.2_19_158", "1", "3", "0", "0", "1", "1", "-20", "0.3", "0.3", "冠军")

insert into "球队欧冠赛事" ("名次", "球队id", "届数", "场次", "胜次数", "平次数", "负次数", "失球", "净胜球", "场均积分", "场均进球", "最好成绩") values ("33", "item_sports.2_19_159", "12", "49", "26", "20", "15", "50", "24", "1.8", "2", "亚军")

insert into "球队欧冠赛事" ("名次", "球队id", "届数", "场次", "胜次数", "平次数", "负次数", "失球", "净胜球", "场均积分", "场均进球", "最好成绩") values ("1", "item_sports.2_19_158", "12", "3", "0", "20", "1", "1", "24", "0.3", "0.3", "季军")

insert into "球队欧冠赛事" ("名次", "球队id", "届数", "场次", "胜次数", "平次数", "负次数", "失球", "净胜球", "场均积分", "场均进球", "最好成绩") values ("1", "item_sports.2_19_158", "1", "49", "26", "20", "15", "50", "24", "0.3", "0.3", "第3~16名")

insert into "球队欧冠赛事" ("名次", "球队id", "届数", "场次", "胜次数", "平次数", "负次数", "失球", "净胜球", "场均积分", "场均进球", "最好成绩") values ("33", "item_sports.2_19_158", "12", "49", "0", "20", "15", "1", "24", "1.8", "2", "第3~16名")

insert into "欧冠冠亚军" ("届数", "杯赛", "冠军球队id", "亚军球队id", "冠军主教练", "决赛比分", "决赛场地") values ("1", "1960年法国欧洲杯", "item_sports.2_19_156", "item_sports.2_19_157", "加夫里尔·卡恰林", "2:1", "巴黎王子公园球场")

insert into "欧冠冠亚军" ("届数", "杯赛", "冠军球队id", "亚军球队id", "冠军主教练", "决赛比分", "决赛场地") values ("2", "1964年西班牙欧洲杯", "item_sports.2_19_159", "item_sports.2_19_158", "何塞·比利亚隆加·略伦特", "2:1", "马德里圣地亚哥·伯纳乌球场")

insert into "欧冠冠亚军" ("届数", "杯赛", "冠军球队id", "亚军球队id", "冠军主教练", "决赛比分", "决赛场地") values ("3", "1968年意大利欧洲杯", "item_sports.2_19_156", "item_sports.2_19_159", "费鲁吉奥·瓦尔卡伦吉", "2:1", "罗马奥林匹克体育场")

insert into "欧冠冠亚军" ("届数", "杯赛", "冠军球队id", "亚军球队id", "冠军主教练", "决赛比分", "决赛场地") values ("4", "1972年比利时欧洲杯", "item_sports.2_19_159", "item_sports.2_19_159", "赫尔穆特·舍恩", "3:0", "布鲁塞尔博杜安国王体育场")

insert into "欧冠冠亚军" ("届数", "杯赛", "冠军球队id", "亚军球队id", "冠军主教练", "决赛比分", "决赛场地") values ("5", "1976年南斯拉夫欧洲杯", "item_sports.2_19_156", "item_sports.2_19_156", "瓦茨拉夫·耶热克", "5:3", "贝尔格莱德红星球场")

