PRAGMA foreign_keys = ON;

CREATE TABLE "旅行社" (
"词条id" int,
"名称" text,
"级别" text,
"出境游国家数量" int,
"国内游城市数量" int,
"出境游路线数量" int,
"国内游路线数量" int,
"亚洲排名" int,
"接待海外游客数量" int,
"境外公司数量" int,
"控股子公司数量" int,
"有业务关系的旅行商数量" int,
"免税店数量" int,
primary key ("词条id")
);

CREATE TABLE "出境游路线" (
"词条id" int,
"路线名称" text,
"旅行社id" int,
"出发城市" text,
"天数" int,
"成人价格" int,
"儿童价格" int,
"国家数量" int,
"景点数" int,
"门票总价格" int,
primary key ("词条id"),
foreign key("旅行社id") references "旅行社"("词条id")
);

CREATE TABLE "出境游所含国家" (
"路线id" int,
"国家" text,
"旅行天数" int,
"景点数量" int,
foreign key("路线id") references "出境游路线"("词条id")
);

CREATE TABLE "国内游路线" (
"词条id" int,
"路线名称" text,
"旅行社id" int,
"出发城市" text,
"天数" int,
"预售价格" int,
"参团价格" int,
"起团人数" int,
"个人价格" int,
"景点数" int,
primary key ("词条id"),
foreign key("旅行社id") references "旅行社"("词条id")
);

CREATE TABLE "邮轮路线" (
"词条id" int,
"路线名称" text,
"旅行社id" int,
"出发城市" text,
"天数" int,
"内舱房价格" int,
"海景房价格" int,
"阳台房价格" int,
"航行区域" text,
"邮轮公司" text,
primary key ("词条id"),
foreign key("旅行社id") references "旅行社"("词条id")
);

insert into "旅行社" ("词条id", "名称", "级别", "出境游国家数量", "国内游城市数量", "出境游路线数量", "国内游路线数量", "亚洲排名", "接待海外游客数量", "境外公司数量", "控股子公司数量", "有业务关系的旅行商数量", "免税店数量") values ("item_enterprise_7_56", "中国国旅", "3A", "50", "30", "500", "1000", "1", "1000万", "5", "70", "5000", "100")

insert into "旅行社" ("词条id", "名称", "级别", "出境游国家数量", "国内游城市数量", "出境游路线数量", "国内游路线数量", "亚洲排名", "接待海外游客数量", "境外公司数量", "控股子公司数量", "有业务关系的旅行商数量", "免税店数量") values ("item_enterprise_7_57", "中旅总社", " 4A", "90", "100", "1000", "2000", "100", "2000万", "20", "120", "8000", "180")

insert into "旅行社" ("词条id", "名称", "级别", "出境游国家数量", "国内游城市数量", "出境游路线数量", "国内游路线数量", "亚洲排名", "接待海外游客数量", "境外公司数量", "控股子公司数量", "有业务关系的旅行商数量", "免税店数量") values ("item_enterprise_7_58", "中青旅控股股份有限公司", " 5A", "50", "30", "500", "2000", "1", "1000万", "5", "70", "5000", "100")

insert into "旅行社" ("词条id", "名称", "级别", "出境游国家数量", "国内游城市数量", "出境游路线数量", "国内游路线数量", "亚洲排名", "接待海外游客数量", "境外公司数量", "控股子公司数量", "有业务关系的旅行商数量", "免税店数量") values ("item_enterprise_7_59", "中国康辉旅游集团有限公司", " 5A", "50", "30", "1000", "1000", "100", "1000万", "5", "70", "8000", "100")

insert into "旅行社" ("词条id", "名称", "级别", "出境游国家数量", "国内游城市数量", "出境游路线数量", "国内游路线数量", "亚洲排名", "接待海外游客数量", "境外公司数量", "控股子公司数量", "有业务关系的旅行商数量", "免税店数量") values ("item_enterprise_7_60", "众信旅游集团股份有限公司", " 5A", "90", "30", "1000", "2000", "1", "2000万", "20", "70", "8000", "180")

insert into "出境游路线" ("词条id", "路线名称", "旅行社id", "出发城市", "天数", "成人价格", "儿童价格", "国家数量", "景点数", "门票总价格") values ("item_enterprise_7_61", "德法瑞意深度纵览一价无忧", "item_enterprise_7_59", "北京", "12", "10900", "8900", "5", "15", "750")

insert into "出境游路线" ("词条id", "路线名称", "旅行社id", "出发城市", "天数", "成人价格", "儿童价格", "国家数量", "景点数", "门票总价格") values ("item_enterprise_7_62", "意大利全景+西西里精华深度纵览", "item_enterprise_7_59", "天津", "20", " 18900", "15900", "10", "25", "2500")

insert into "出境游路线" ("词条id", "路线名称", "旅行社id", "出发城市", "天数", "成人价格", "儿童价格", "国家数量", "景点数", "门票总价格") values ("item_enterprise_7_63", "悦选意大利经典大城小镇书香之旅", "item_enterprise_7_57", "上海", "20", "10900", "8900", "5", "15", "2500")

insert into "出境游路线" ("词条id", "路线名称", "旅行社id", "出发城市", "天数", "成人价格", "儿童价格", "国家数量", "景点数", "门票总价格") values ("item_enterprise_7_64", " 新西兰南岛双冰川双峡湾深度纯净之旅", "item_enterprise_7_59", "哈尔滨", "12", " 18900", "8900", "5", "15", "2500")

insert into "出境游路线" ("词条id", "路线名称", "旅行社id", "出发城市", "天数", "成人价格", "儿童价格", "国家数量", "景点数", "门票总价格") values ("item_enterprise_7_65", "英国+爱尔兰+威尔士精选之旅", "item_enterprise_7_57", "深圳", "12", " 18900", "15900", "10", "15", "750")

insert into "出境游所含国家" ("路线id", "国家", "旅行天数", "景点数量") values ("item_enterprise_7_64", "意大利", "2", "3")

insert into "出境游所含国家" ("路线id", "国家", "旅行天数", "景点数量") values ("item_enterprise_7_63", "法国", "4天", "5个")

insert into "出境游所含国家" ("路线id", "国家", "旅行天数", "景点数量") values ("item_enterprise_7_64", "德国", "4天", "5个")

insert into "出境游所含国家" ("路线id", "国家", "旅行天数", "景点数量") values ("item_enterprise_7_65", "瑞士", "4天", "3")

insert into "出境游所含国家" ("路线id", "国家", "旅行天数", "景点数量") values ("item_enterprise_7_61", "英格兰", "4天", "3")

insert into "国内游路线" ("词条id", "路线名称", "旅行社id", "出发城市", "天数", "预售价格", "参团价格", "起团人数", "个人价格", "景点数") values ("item_enterprise_7_66", "桂林深度跟团游", "item_enterprise_7_60", "北京", "4", "2500", "2000", "2", "3000", "10")

insert into "国内游路线" ("词条id", "路线名称", "旅行社id", "出发城市", "天数", "预售价格", "参团价格", "起团人数", "个人价格", "景点数") values ("item_enterprise_7_67", " 厦门休闲游", "item_enterprise_7_56", "天津", "8", "6500", "5000", "5", "7000", "20")

insert into "国内游路线" ("词条id", "路线名称", "旅行社id", "出发城市", "天数", "预售价格", "参团价格", "起团人数", "个人价格", "景点数") values ("item_enterprise_7_68", "重庆红色之旅", "item_enterprise_7_60", "上海", "4", "6500", "2000", "5", "3000", "20")

insert into "国内游路线" ("词条id", "路线名称", "旅行社id", "出发城市", "天数", "预售价格", "参团价格", "起团人数", "个人价格", "景点数") values ("item_enterprise_7_69", "云南古城游", "item_enterprise_7_59", "哈尔滨", "4", "6500", "2000", "5", "7000", "20")

insert into "国内游路线" ("词条id", "路线名称", "旅行社id", "出发城市", "天数", "预售价格", "参团价格", "起团人数", "个人价格", "景点数") values ("item_enterprise_7_70", "上海时尚游", "item_enterprise_7_59", "深圳", "4", "6500", "2000", "5", "7000", "10")

insert into "邮轮路线" ("词条id", "路线名称", "旅行社id", "出发城市", "天数", "内舱房价格", "海景房价格", "阳台房价格", "航行区域", "邮轮公司") values ("item_enterprise_7_71", "南极摄影旅游", "item_enterprise_7_57", "大连", "6", "4399", "4799", "5299", "日本航线", "皇家加勒比国际游轮")

insert into "邮轮路线" ("词条id", "路线名称", "旅行社id", "出发城市", "天数", "内舱房价格", "海景房价格", "阳台房价格", "航行区域", "邮轮公司") values ("item_enterprise_7_72", "地中海巡游", "item_enterprise_7_58", "天津", "10", "6399", "6799", "7399", "韩国航线", "海洋亚特兰蒂游轮")

insert into "邮轮路线" ("词条id", "路线名称", "旅行社id", "出发城市", "天数", "内舱房价格", "海景房价格", "阳台房价格", "航行区域", "邮轮公司") values ("item_enterprise_7_73", "超凡体验来自未来的游轮", "item_enterprise_7_60", "上海", "10", "4399", "4799", "5299", "南极航线", "庞洛游轮")

insert into "邮轮路线" ("词条id", "路线名称", "旅行社id", "出发城市", "天数", "内舱房价格", "海景房价格", "阳台房价格", "航行区域", "邮轮公司") values ("item_enterprise_7_74", "超凡体验来自未来的游轮", "item_enterprise_7_60", "深圳", "10", "6399", "6799", "5299", "南极航线", "庞洛游轮")

insert into "邮轮路线" ("词条id", "路线名称", "旅行社id", "出发城市", "天数", "内舱房价格", "海景房价格", "阳台房价格", "航行区域", "邮轮公司") values ("item_enterprise_7_75", "超凡体验来自未来的游轮", "item_enterprise_7_60", "天津", "10", "6399", "4799", "5299", "韩国航线", "海洋亚特兰蒂游轮")

