PRAGMA foreign_keys = ON;

CREATE TABLE "足球运动员" (
"词条id" int,
"中文名" text,
"国籍" text,
"出生地" text,
"出生日期" time,
"身高" int,
"体重" int,
"专业特点" text,
"场上位置" text,
"惯用脚" text,
primary key ("词条id")
);

CREATE TABLE "欧冠赛事" (
"赛季" int,
"球员id" int,
"所属球队" text,
"出场次数" int,
"进球次数" int,
"助攻次数" int,
foreign key("球员id") references "足球运动员"("词条id")
);

CREATE TABLE "欧冠最佳球员" (
"届数" int,
"年份" time,
"最佳球员id" int,
"国家" text,
"场上位置" text,
"球队成绩" text,
foreign key("最佳球员id") references "足球运动员"("词条id")
);

CREATE TABLE "欧冠最佳射手" (
"届数" int,
"年份" time,
"最佳射手id" int,
"国家" text,
"场上位置" text,
"进球数" int,
foreign key("最佳射手id") references "足球运动员"("词条id")
);

CREATE TABLE "运动员欧冠出场次数" (
"名次" int,
"出场次数" int,
"运动员id" int,
"国家" text,
"场上位置" text,
foreign key("运动员id") references "足球运动员"("词条id")
);

insert into "足球运动员" ("词条id", "中文名", "国籍", "出生地", "出生日期", "身高", "体重", "专业特点", "场上位置", "惯用脚") values ("item_sports.2_13_121", "迭戈·马拉多纳", "巴西", "马赛", "1987", "170", "60", "技术全面", "中锋", "左脚")

insert into "足球运动员" ("词条id", "中文名", "国籍", "出生地", "出生日期", "身高", "体重", "专业特点", "场上位置", "惯用脚") values ("item_sports.2_13_122", "阿尔弗雷多·迪·斯蒂法诺", "葡萄牙", "阿根廷圣菲省罗萨里奥市", "1999", "177", "80", "速度快", "双前锋", "右脚")

insert into "足球运动员" ("词条id", "中文名", "国籍", "出生地", "出生日期", "身高", "体重", "专业特点", "场上位置", "惯用脚") values ("item_sports.2_13_123", "弗朗茨·贝肯鲍尔", "法国", "马德拉岛丰沙尔", "1998", "178", "75", "进攻自由人", "边锋", "右脚")

insert into "足球运动员" ("词条id", "中文名", "国籍", "出生地", "出生日期", "身高", "体重", "专业特点", "场上位置", "惯用脚") values ("item_sports.2_13_124", "克里斯蒂亚诺·罗纳尔多", "荷兰", "布宜诺斯艾利斯", "1987", "190", "65", "技术全面", "前腰", "左脚")

insert into "足球运动员" ("词条id", "中文名", "国籍", "出生地", "出生日期", "身高", "体重", "专业特点", "场上位置", "惯用脚") values ("item_sports.2_13_125", "里奥·梅西", "阿根廷", "巴黎", "1988", "187", "66", "控球强", "前卫", "右脚")

insert into "欧冠赛事" ("赛季", "球员id", "所属球队", "出场次数", "进球次数", "助攻次数") values ("2016", "item_sports.2_13_124", "法国", "10", "0", "0")

insert into "欧冠赛事" ("赛季", "球员id", "所属球队", "出场次数", "进球次数", "助攻次数") values ("2012", "item_sports.2_13_124", "西班牙", "11", "1", "1")

insert into "欧冠赛事" ("赛季", "球员id", "所属球队", "出场次数", "进球次数", "助攻次数") values ("2008", "item_sports.2_13_124", "捷克", "12", "2", "2")

insert into "欧冠赛事" ("赛季", "球员id", "所属球队", "出场次数", "进球次数", "助攻次数") values ("2004", "item_sports.2_13_123", "荷兰", "13", "3", "3")

insert into "欧冠赛事" ("赛季", "球员id", "所属球队", "出场次数", "进球次数", "助攻次数") values ("2000", "item_sports.2_13_125", "英格兰+男子足球队", "14", "4", "4")

insert into "欧冠最佳球员" ("届数", "年份", "最佳球员id", "国家", "场上位置", "球队成绩") values ("1", "1960", "item_sports.2_13_124", "苏联", "中锋", "2:1")

insert into "欧冠最佳球员" ("届数", "年份", "最佳球员id", "国家", "场上位置", "球队成绩") values ("2", "1964", "item_sports.2_13_121", "西班牙", "双前锋", "2:1")

insert into "欧冠最佳球员" ("届数", "年份", "最佳球员id", "国家", "场上位置", "球队成绩") values ("3", "1968", "item_sports.2_13_124", "意大利", "边锋", "2:1")

insert into "欧冠最佳球员" ("届数", "年份", "最佳球员id", "国家", "场上位置", "球队成绩") values ("4", "1972", "item_sports.2_13_122", "联邦德国", "前腰", "3:0")

insert into "欧冠最佳球员" ("届数", "年份", "最佳球员id", "国家", "场上位置", "球队成绩") values ("5", "1976", "item_sports.2_13_121", "捷克斯洛伐克", "前卫", "5:3")

insert into "欧冠最佳射手" ("届数", "年份", "最佳射手id", "国家", "场上位置", "进球数") values ("1", "1960", "item_sports.2_13_124", "法国", "中场", "2")

insert into "欧冠最佳射手" ("届数", "年份", "最佳射手id", "国家", "场上位置", "进球数") values ("2", "1964", "item_sports.2_13_125", "西班牙", "前锋", "2")

insert into "欧冠最佳射手" ("届数", "年份", "最佳射手id", "国家", "场上位置", "进球数") values ("3", "1968", "item_sports.2_13_122", "南斯拉夫", "后卫", "2")

insert into "欧冠最佳射手" ("届数", "年份", "最佳射手id", "国家", "场上位置", "进球数") values ("4", "1972", "item_sports.2_13_124", "联邦德国", "前锋", "4")

insert into "欧冠最佳射手" ("届数", "年份", "最佳射手id", "国家", "场上位置", "进球数") values ("5", "1976", "item_sports.2_13_125", "联邦德国", "前锋", "4")

insert into "运动员欧冠出场次数" ("名次", "出场次数", "运动员id", "国家", "场上位置") values ("1", "21", "item_sports.2_13_121", "	葡萄牙", "前锋")

insert into "运动员欧冠出场次数" ("名次", "出场次数", "运动员id", "国家", "场上位置") values ("2", "18", "item_sports.2_13_121", "德国", "中场")

insert into "运动员欧冠出场次数" ("名次", "出场次数", "运动员id", "国家", "场上位置") values ("3", "17", "item_sports.2_13_122", "意大利", "门将")

insert into "运动员欧冠出场次数" ("名次", "出场次数", "运动员id", "国家", "场上位置") values ("4", "16", "item_sports.2_13_124", "荷兰", "门将")

insert into "运动员欧冠出场次数" ("名次", "出场次数", "运动员id", "国家", "场上位置") values ("8", "15", "item_sports.2_13_124", "西班牙", "后卫")

