PRAGMA foreign_keys = ON;

CREATE TABLE "话剧" (
"词条id" int,
"名称" text,
"演出时长" int,
"剧目亮点" text,
"演出团队" text,
"导演" text,
"VIP票余量" int,
"888票价余量" int,
"688票价余量" int,
"488票价余量" int,
"288票价余量" int,
"188票价余量" int,
"100票价余量" int,
primary key ("词条id")
);

CREATE TABLE "话剧一周上映" (
"话剧id" int,
"上映日期" time,
"时间段" time,
"演出场馆" text,
foreign key("话剧id") references "话剧"("词条id")
);

CREATE TABLE "上映城市" (
"话剧id" int,
"城市" text,
"上映场次" int,
"上映日期" time,
primary key ("话剧id"),
foreign key("话剧id") references "话剧"("词条id")
);

CREATE TABLE "音乐剧" (
"词条id" int,
"名称" text,
"演出时长" int,
"演出场馆" text,
"演出城市" text,
"总票数" int,
"演出语言" text,
"导演" text,
"总场数" int,
primary key ("词条id")
);

CREATE TABLE "音乐剧演出" (
"音乐剧id" int,
"场次" int,
"演出日期" time,
"演出时间段" time,
"主要演员" text,
foreign key("音乐剧id") references "音乐剧"("词条id")
);

insert into "话剧" ("词条id", "名称", "演出时长", "剧目亮点", "演出团队", "导演", "VIP票余量", "888票价余量", "688票价余量", "488票价余量", "288票价余量", "188票价余量", "100票价余量") values ("item_entertainment_9_91", "皇帝的新娘", "120分钟", "爆笑贺岁", "开心麻花", "沈腾", "0", "20", "10", "34", "23", "33", "10")

insert into "话剧" ("词条id", "名称", "演出时长", "剧目亮点", "演出团队", "导演", "VIP票余量", "888票价余量", "688票价余量", "488票价余量", "288票价余量", "188票价余量", "100票价余量") values ("item_entertainment_9_92", "牛天赐", "150分钟", "原版音乐", "老舍研究会", "方旭", "50张", "30", "20", "54", "45", "61", "34")

insert into "话剧" ("词条id", "名称", "演出时长", "剧目亮点", "演出团队", "导演", "VIP票余量", "888票价余量", "688票价余量", "488票价余量", "288票价余量", "188票价余量", "100票价余量") values ("item_entertainment_9_93", "狮子王音乐剧", "150分钟", "钻石组合再联手", "北京人艺", "朱莉琴默", "0", "30", "10", "54", "45", "61", "34")

insert into "话剧" ("词条id", "名称", "演出时长", "剧目亮点", "演出团队", "导演", "VIP票余量", "888票价余量", "688票价余量", "488票价余量", "288票价余量", "188票价余量", "100票价余量") values ("item_entertainment_9_94", "贼想得到你", "120分钟", "超人气剧本改编", "陕西人艺", "魏玮", "50张", "30", "20", "34", "23", "61", "34")

insert into "话剧" ("词条id", "名称", "演出时长", "剧目亮点", "演出团队", "导演", "VIP票余量", "888票价余量", "688票价余量", "488票价余量", "288票价余量", "188票价余量", "100票价余量") values ("item_entertainment_9_95", "我爱桃花", "120分钟", "知名导演处女作", "孟景伟团队", "张国立", "50张", "30", "10", "34", "23", "33", "10")

insert into "话剧一周上映" ("话剧id", "上映日期", "时间段", "演出场馆") values ("item_entertainment_9_93", "周一", "14:00", "北京海淀剧院")

insert into "话剧一周上映" ("话剧id", "上映日期", "时间段", "演出场馆") values ("item_entertainment_9_94", "周二", "17:00", "北京话剧院")

insert into "话剧一周上映" ("话剧id", "上映日期", "时间段", "演出场馆") values ("item_entertainment_9_94", "周三", "19:00", "老舍茶馆")

insert into "话剧一周上映" ("话剧id", "上映日期", "时间段", "演出场馆") values ("item_entertainment_9_95", "周四", "19:00", "保利剧院")

insert into "话剧一周上映" ("话剧id", "上映日期", "时间段", "演出场馆") values ("item_entertainment_9_93", "周五", "17:00", "北京喜剧院")

insert into "上映城市" ("话剧id", "城市", "上映场次", "上映日期") values ("item_entertainment_9_92", "北京", "3", "2019.11.12~2019.11.15")

insert into "上映城市" ("话剧id", "城市", "上映场次", "上映日期") values ("item_entertainment_9_92", "上海", "10场", "2019.11.21~2019.11.25")

insert into "上映城市" ("话剧id", "城市", "上映场次", "上映日期") values ("item_entertainment_9_95", "杭州", "10场", "2019.11.22~2019.11.25")

insert into "上映城市" ("话剧id", "城市", "上映场次", "上映日期") values ("item_entertainment_9_95", "南京", "3", "2019.12.2~2019.12.9")

insert into "上映城市" ("话剧id", "城市", "上映场次", "上映日期") values ("item_entertainment_9_91", "西安", "3", "2019.12.22~2019.12.25")

insert into "音乐剧" ("词条id", "名称", "演出时长", "演出场馆", "演出城市", "总票数", "演出语言", "导演", "总场数") values ("item_entertainment_9_101", "音乐剧猫", "120分", "北京海淀剧院", "北京", "2000", "中文", "卡麦隆·麦金托什", "3")

insert into "音乐剧" ("词条id", "名称", "演出时长", "演出场馆", "演出城市", "总票数", "演出语言", "导演", "总场数") values ("item_entertainment_9_102", "白夜行", "150分", "北京话剧院", "上海", "5000张", "英文", "安德鲁·劳埃德·韦伯", "15场")

insert into "音乐剧" ("词条id", "名称", "演出时长", "演出场馆", "演出城市", "总票数", "演出语言", "导演", "总场数") values ("item_entertainment_9_103", "真爱梁祝", "150分", "老舍茶馆", "杭州", "2000", "英文", "高岭吹雪", "15场")

insert into "音乐剧" ("词条id", "名称", "演出时长", "演出场馆", "演出城市", "总票数", "演出语言", "导演", "总场数") values ("item_entertainment_9_104", "不眠之夜", "150分", "保利剧院", "南京", "2000", "英文", "麻乃佳世", "3")

insert into "音乐剧" ("词条id", "名称", "演出时长", "演出场馆", "演出城市", "总票数", "演出语言", "导演", "总场数") values ("item_entertainment_9_105", "爱着拿破仑的女人们", "120分", "北京喜剧院", "西安", "2000", "中文", "舞风莉萝", "15场")

insert into "音乐剧演出" ("音乐剧id", "场次", "演出日期", "演出时间段", "主要演员") values ("item_entertainment_9_101", "3", "2019.11.12~2019.11.15", "14:00", "卡麦隆·麦金托什")

insert into "音乐剧演出" ("音乐剧id", "场次", "演出日期", "演出时间段", "主要演员") values ("item_entertainment_9_101", "5场", "2019.11.21~2019.11.25", "17:00", "安德鲁·劳埃德·韦伯")

insert into "音乐剧演出" ("音乐剧id", "场次", "演出日期", "演出时间段", "主要演员") values ("item_entertainment_9_102", "3", "2019.11.22~2019.11.25", "19:00", "高岭吹雪")

insert into "音乐剧演出" ("音乐剧id", "场次", "演出日期", "演出时间段", "主要演员") values ("item_entertainment_9_105", "3", "2019.12.2~2019.12.9", "17:00", "麻乃佳世")

insert into "音乐剧演出" ("音乐剧id", "场次", "演出日期", "演出时间段", "主要演员") values ("item_entertainment_9_105", "3", "2019.12.22~2019.12.25", "14:00", "舞风莉萝")

