PRAGMA foreign_keys = ON;

CREATE TABLE "洗衣机品牌" (
"词条id" int,
"名称" text,
"所属公司" text,
"成立时间" time,
"世界500强排名" int,
"市场份额" int,
"2018年营业额" int,
"2018年利润" int,
primary key ("词条id")
);

CREATE TABLE "洗衣机型号" (
"词条id" int,
"名称" text,
"产品类别" text,
"洗涤容量" int,
"能效等级" int,
"自动化程度" text,
"售价" int,
"品牌id" int,
primary key ("词条id"),
foreign key("品牌id") references "洗衣机品牌"("词条id")
);

CREATE TABLE "洗衣机品牌门店" (
"品牌id" int,
"城市" text,
"门店数量" int,
"售卖量" int,
"平均售价" int,
foreign key("品牌id") references "洗衣机品牌"("词条id")
);

CREATE TABLE "洗衣机品牌平台评分" (
"品牌id" int,
"平台" text,
"总评分" int,
"性价比得分" int,
"功能得分" int,
"做工得分" int,
"外观得分" int,
foreign key("品牌id") references "洗衣机品牌"("词条id")
);

insert into "洗衣机品牌" ("词条id", "名称", "所属公司", "成立时间", "世界500强排名", "市场份额", "2018年营业额", "2018年利润") values ("item_product_4_16", "海尔", "海尔集团", "1984年", "1", "2%", "1500亿", "100亿")

insert into "洗衣机品牌" ("词条id", "名称", "所属公司", "成立时间", "世界500强排名", "市场份额", "2018年营业额", "2018年利润") values ("item_product_4_17", "西门子", "西门子集团", "1935年", "500", "10.2%", "2007亿", "150亿")

insert into "洗衣机品牌" ("词条id", "名称", "所属公司", "成立时间", "世界500强排名", "市场份额", "2018年营业额", "2018年利润") values ("item_product_4_18", "小天鹅", "小天鹅股份有限公司", "1958年", "500", "10.2%", "1500亿", "150亿")

insert into "洗衣机品牌" ("词条id", "名称", "所属公司", "成立时间", "世界500强排名", "市场份额", "2018年营业额", "2018年利润") values ("item_product_4_19", "三星", "三星集团", "1955年", "500", "2%", "2007亿", "100亿")

insert into "洗衣机品牌" ("词条id", "名称", "所属公司", "成立时间", "世界500强排名", "市场份额", "2018年营业额", "2018年利润") values ("item_product_4_20", "LG", "韩国LG集团", "1947年", "500", "10.2%", "1500亿", "100亿")

insert into "洗衣机型号" ("词条id", "名称", "产品类别", "洗涤容量", "能效等级", "自动化程度", "售价", "品牌id") values ("item_product_4_21", "西门子XQG70-WM", "滚筒式", "5kg", "1", "全自动", "3000", "item_product_4_19")

insert into "洗衣机型号" ("词条id", "名称", "产品类别", "洗涤容量", "能效等级", "自动化程度", "售价", "品牌id") values ("item_product_4_22", "海尔EG8012B39SU1", "波轮", "8kg", "5级", "半自动", "10000元", "item_product_4_19")

insert into "洗衣机型号" ("词条id", "名称", "产品类别", "洗涤容量", "能效等级", "自动化程度", "售价", "品牌id") values ("item_product_4_23", "小天鹅TG100-1420WDXG", "双缸", "12kg", "5级", "全自动", "3000", "item_product_4_16")

insert into "洗衣机型号" ("词条id", "名称", "产品类别", "洗涤容量", "能效等级", "自动化程度", "售价", "品牌id") values ("item_product_4_24", "海尔G90726B12G", "双缸", "15kg", "5级", "半自动", "10000元", "item_product_4_20")

insert into "洗衣机型号" ("词条id", "名称", "产品类别", "洗涤容量", "能效等级", "自动化程度", "售价", "品牌id") values ("item_product_4_25", "美的MB80V31", "滚筒式", "12kg", "1", "半自动", "3000", "item_product_4_19")

insert into "洗衣机品牌门店" ("品牌id", "城市", "门店数量", "售卖量", "平均售价") values ("item_product_4_18", "北京", "100", "100万", "5000")

insert into "洗衣机品牌门店" ("品牌id", "城市", "门店数量", "售卖量", "平均售价") values ("item_product_4_16", "上海", "500", "500万", "14000")

insert into "洗衣机品牌门店" ("品牌id", "城市", "门店数量", "售卖量", "平均售价") values ("item_product_4_16", "福州", "500", "100万", "5000")

insert into "洗衣机品牌门店" ("品牌id", "城市", "门店数量", "售卖量", "平均售价") values ("item_product_4_18", "张家界", "100", "500万", "5000")

insert into "洗衣机品牌门店" ("品牌id", "城市", "门店数量", "售卖量", "平均售价") values ("item_product_4_19", "昆明", "500", "500万", "14000")

insert into "洗衣机品牌平台评分" ("品牌id", "平台", "总评分", "性价比得分", "功能得分", "做工得分", "外观得分") values ("item_product_4_16", "天猫商城", "1", "3", "4", "3", "2")

insert into "洗衣机品牌平台评分" ("品牌id", "平台", "总评分", "性价比得分", "功能得分", "做工得分", "外观得分") values ("item_product_4_20", "京东商城", "9", "7", "5", "6", "7")

insert into "洗衣机品牌平台评分" ("品牌id", "平台", "总评分", "性价比得分", "功能得分", "做工得分", "外观得分") values ("item_product_4_16", "苏宁易购", "1", "3", "5", "6", "7")

insert into "洗衣机品牌平台评分" ("品牌id", "平台", "总评分", "性价比得分", "功能得分", "做工得分", "外观得分") values ("item_product_4_20", "天猫商城", "9", "7", "5", "3", "2")

insert into "洗衣机品牌平台评分" ("品牌id", "平台", "总评分", "性价比得分", "功能得分", "做工得分", "外观得分") values ("item_product_4_18", "京东商城", "1", "3", "5", "6", "2")

