PRAGMA foreign_keys = ON;

CREATE TABLE "台风" (
"词条id" int,
"名称" text,
"登陆地点" text,
"登陆时间" time,
"登陆强度" int,
"持续天数" int,
"影响地区数" int,
"死亡人数" int,
"经济损失" int,
primary key ("词条id")
);

CREATE TABLE "台风影响的中国省份" (
"台风id" int,
"省份" text,
"登陆强度" int,
"死亡人数" int,
"失踪人数" int,
foreign key("台风id") references "台风"("词条id")
);

CREATE TABLE "台风影响的国家" (
"台风id" int,
"国家" text,
"经济损失" int,
foreign key("台风id") references "台风"("词条id")
);

insert into "台风" ("词条id", "名称", "登陆地点", "登陆时间", "登陆强度", "持续天数", "影响地区数", "死亡人数", "经济损失") values ("item_activity_12_106", "威马逊台风", " 海南文昌", "2014.7.18", " 72米/秒", "5天", "4", "88", "446.5亿元")

insert into "台风" ("词条id", "名称", "登陆地点", "登陆时间", "登陆强度", "持续天数", "影响地区数", "死亡人数", "经济损失") values ("item_activity_12_107", "温黛台风", "浙江象山", "1956.8.1", " 65米/秒", "6天", "13", "5000", "500亿")

insert into "台风" ("词条id", "名称", "登陆地点", "登陆时间", "登陆强度", "持续天数", "影响地区数", "死亡人数", "经济损失") values ("item_activity_12_108", "玛琪台风", "海南琼海", "1973.9.14", "60米/秒", "3天", "3", "903", "10亿")

insert into "台风" ("词条id", "名称", "登陆地点", "登陆时间", "登陆强度", "持续天数", "影响地区数", "死亡人数", "经济损失") values ("item_activity_12_109", "桑美台风", "浙江苍南", "2006.8.10", "60米/秒", "3天", "6", "483", "197亿")

insert into "台风" ("词条id", "名称", "登陆地点", "登陆时间", "登陆强度", "持续天数", "影响地区数", "死亡人数", "经济损失") values ("item_activity_12_110", "利奇马台风", "浙江温岭", "2019.8.10", "52米/秒", "5天", "8", "60", "163亿")

insert into "台风影响的中国省份" ("台风id", "省份", "登陆强度", "死亡人数", "失踪人数") values ("item_activity_12_109", "湖南", "50米/秒", "10", "2")

insert into "台风影响的中国省份" ("台风id", "省份", "登陆强度", "死亡人数", "失踪人数") values ("item_activity_12_108", "广东", "62米/秒", "300", "20")

insert into "台风影响的中国省份" ("台风id", "省份", "登陆强度", "死亡人数", "失踪人数") values ("item_activity_12_109", "广西", "50米/秒", "300", "20")

insert into "台风影响的中国省份" ("台风id", "省份", "登陆强度", "死亡人数", "失踪人数") values ("item_activity_12_107", "云南", "50米/秒", "10", "2")

insert into "台风影响的中国省份" ("台风id", "省份", "登陆强度", "死亡人数", "失踪人数") values ("item_activity_12_106", "海南", "62米/秒", "300", "20")

insert into "台风影响的国家" ("台风id", "国家", "经济损失") values ("item_activity_12_108", "菲律宾", "1000万")

insert into "台风影响的国家" ("台风id", "国家", "经济损失") values ("item_activity_12_106", "泰国", "200亿")

insert into "台风影响的国家" ("台风id", "国家", "经济损失") values ("item_activity_12_107", "日本", "200亿")

insert into "台风影响的国家" ("台风id", "国家", "经济损失") values ("item_activity_12_110", "韩国", "1000万")

insert into "台风影响的国家" ("台风id", "国家", "经济损失") values ("item_activity_12_107", "缅甸", "1000万")

