PRAGMA foreign_keys = ON;

CREATE TABLE "机场" (
"词条id" int,
"名称" text,
"机场类型" text,
"地区管理" text,
"航站楼面积" int,
"机位数量" int,
"客运航线" int,
"跑道长度" int,
"省份" text,
"通航日期" time,
primary key ("词条id")
);

CREATE TABLE "火车站" (
"词条id" int,
"名称" text,
"投用日期" time,
"建筑面积" int,
"站台规模" int,
"地址" text,
"省份" text,
"投用日期2" time,
primary key ("词条id")
);

CREATE TABLE "航空公司" (
"词条id" int,
"公司名称" text,
"总部地点" text,
"成立时间" time,
"IATA代码" text,
"ICAO代码" text,
"年营业额" int,
"员工数" int,
primary key ("词条id")
);

CREATE TABLE "航空公司入驻机场" (
"航空公司id" int,
"机场id" int,
"城市" text,
"航点数" int,
foreign key("机场id") references "机场"("词条id"),
foreign key("航空公司id") references "航空公司"("词条id")
);

CREATE TABLE "机场吞吐量" (
"年份" time,
"机场id" int,
"旅客吞吐量" int,
"客运航线数量" int,
foreign key("机场id") references "机场"("词条id")
);

insert into "机场" ("词条id", "名称", "机场类型", "地区管理", "航站楼面积", "机位数量", "客运航线", "跑道长度", "省份", "通航日期") values ("item_geography.2_1_1", "首都国际机场", "民用运输机场", "中国民用航空局华北地区管理局", "114万平方米", "268", "国内132条国际120条", "3800米两条3200米", "北京", "1958")

insert into "机场" ("词条id", "名称", "机场类型", "地区管理", "航站楼面积", "机位数量", "客运航线", "跑道长度", "省份", "通航日期") values ("item_geography.2_1_2", "浦东国际机场", "民用运输机场", "中国民用航空局华北地区管理局", "80万平方米", "218", "国内106条国际116条", "3800米两条3200米", "上海", "2008")

insert into "机场" ("词条id", "名称", "机场类型", "地区管理", "航站楼面积", "机位数量", "客运航线", "跑道长度", "省份", "通航日期") values ("item_geography.2_1_3", "白云国际机场", "民用运输机场", "中国民用航空局华北地区管理局", "124万平方米", "66", "国内124条国际36条", "3800米两条3200米", "广州", "2004")

insert into "机场" ("词条id", "名称", "机场类型", "地区管理", "航站楼面积", "机位数量", "客运航线", "跑道长度", "省份", "通航日期") values ("item_geography.2_1_4", "双流国际机场", "民用运输机场", "中国民用航空局华北地区管理局", "76万平方米", "146", "国内125条国际25条", "3800米两条3200米", "成都", "2012年")

insert into "机场" ("词条id", "名称", "机场类型", "地区管理", "航站楼面积", "机位数量", "客运航线", "跑道长度", "省份", "通航日期") values ("item_geography.2_1_5", "宝安国际机场", "民用运输机场", "中国民用航空局华北地区管理局", "84.5万平方米", "84", "国内185条国际30条", "3800米两条3200米", "深圳", "1991年")

insert into "火车站" ("词条id", "名称", "投用日期", "建筑面积", "站台规模", "地址", "省份", "投用日期") values ("item_geography.2_1_6", "哈尔滨站", "1899年", "73624平方米", "8台14线", "哈尔滨", "哈尔滨省", "1899年")

insert into "火车站" ("词条id", "名称", "投用日期", "建筑面积", "站台规模", "地址", "省份", "投用日期") values ("item_geography.2_1_7", "齐齐哈尔站", "1909年", "1.8万平方米", "7台11线", "齐齐哈尔", "黑龙江省", "1909年")

insert into "火车站" ("词条id", "名称", "投用日期", "建筑面积", "站台规模", "地址", "省份", "投用日期") values ("item_geography.2_1_8", "天津站", "1888年", "18.5万平方米", "10台18线", "天津", "天津市", "1888年")

insert into "火车站" ("词条id", "名称", "投用日期", "建筑面积", "站台规模", "地址", "省份", "投用日期") values ("item_geography.2_1_9", "郑州站", "1904年", "21.2万平方米", "7台13线", "郑州", "河南省", "1904年")

insert into "火车站" ("词条id", "名称", "投用日期", "建筑面积", "站台规模", "地址", "省份", "投用日期") values ("item_geography.2_1_10", "青岛站", "1901年", "5.5万平方米", "6台10线", "青岛", "山东省", "1901年")

insert into "航空公司" ("词条id", "公司名称", "总部地点", "成立时间", "IATA代码", "ICAO代码", "年营业额", "员工数") values ("item_geography.2_1_11", "中国国际航空股份有限公司", "北京", "1909", "AX", "AMN", "74.77亿", "11000")

insert into "航空公司" ("词条id", "公司名称", "总部地点", "成立时间", "IATA代码", "ICAO代码", "年营业额", "员工数") values ("item_geography.2_1_12", "中国南方航空股份有限公司", "南京", "1988", "CZ", "CSN", "300亿", "10000")

insert into "航空公司" ("词条id", "公司名称", "总部地点", "成立时间", "IATA代码", "ICAO代码", "年营业额", "员工数") values ("item_geography.2_1_13", "厦门航空有限公司", "厦门", "1984", "MF", "CXA", "146亿", "12000")

insert into "航空公司" ("词条id", "公司名称", "总部地点", "成立时间", "IATA代码", "ICAO代码", "年营业额", "员工数") values ("item_geography.2_1_14", "上海航空股份有限公司", "上海", "19990", "FC", "SSN", "88亿", "11000")

insert into "航空公司" ("词条id", "公司名称", "总部地点", "成立时间", "IATA代码", "ICAO代码", "年营业额", "员工数") values ("item_geography.2_1_15", "山东航空股份有限公司", "山东", "1994", "MA", "ACS", "102亿", "11000")

insert into "航空公司入驻机场" ("航空公司id", "机场id", "城市", "航点数") values ("item_geography.2_1_13", "item_geography.2_1_4", "北京", "86")

insert into "航空公司入驻机场" ("航空公司id", "机场id", "城市", "航点数") values ("item_geography.2_1_13", "item_geography.2_1_3", "北京", "32")

insert into "航空公司入驻机场" ("航空公司id", "机场id", "城市", "航点数") values ("item_geography.2_1_14", "item_geography.2_1_3", "北京", "77")

insert into "航空公司入驻机场" ("航空公司id", "机场id", "城市", "航点数") values ("item_geography.2_1_11", "item_geography.2_1_5", "北京", "42")

insert into "航空公司入驻机场" ("航空公司id", "机场id", "城市", "航点数") values ("item_geography.2_1_13", "item_geography.2_1_2", "北京", "33")

insert into "机场吞吐量" ("年份", "机场id", "旅客吞吐量", "客运航线数量") values ("2017", "item_geography.2_1_2", "9578.6万人", "252")

insert into "机场吞吐量" ("年份", "机场id", "旅客吞吐量", "客运航线数量") values ("2017", "item_geography.2_1_1", "7000.43万人", "220")

insert into "机场吞吐量" ("年份", "机场id", "旅客吞吐量", "客运航线数量") values ("2018", "item_geography.2_1_1", "6972.04万人", "220")

insert into "机场吞吐量" ("年份", "机场id", "旅客吞吐量", "客运航线数量") values ("2018", "item_geography.2_1_4", "52950529人", "349")

insert into "机场吞吐量" ("年份", "机场id", "旅客吞吐量", "客运航线数量") values ("2018", "item_geography.2_1_4", "4934.9万人", "188")

