PRAGMA foreign_keys = ON;

CREATE TABLE "电影作品" (
"词条id" int,
"影片名" text,
"导演" text,
"国家" text,
"提名次数" int,
"获奖次数" int,
primary key ("词条id")
);

CREATE TABLE "获奖国家名单" (
"年份" int,
"影片拍摄国家" text,
"获奖次数" int
);

CREATE TABLE "各演员获奖次数" (
"姓名" text,
"奖项" text,
"提名次数" int,
"获奖次数" int
);

CREATE TABLE "历届帝后影后名单" (
"年份" time,
"帝后姓名" text,
"帝后来自作品id" int,
"影后姓名" text,
"影后来自作品id" int,
foreign key("影后来自作品id") references "电影作品"("词条id"),
foreign key("帝后来自作品id") references "电影作品"("词条id")
);

insert into "电影作品" ("词条id", "影片名", "导演", "国家", "提名次数", "获奖次数") values ("item_prize_10_91", "绿皮书", "约翰·福特", "美国", "0", "0")

insert into "电影作品" ("词条id", "影片名", "导演", "国家", "提名次数", "获奖次数") values ("item_prize_10_92", "水行物语", "约瑟夫·L·曼凯维奇", "西班牙", "14", "11")

insert into "电影作品" ("词条id", "影片名", "导演", "国家", "提名次数", "获奖次数") values ("item_prize_10_93", "月光男孩", "亚利桑德罗·冈萨雷斯·伊纳里多", "中国", "0", "11")

insert into "电影作品" ("词条id", "影片名", "导演", "国家", "提名次数", "获奖次数") values ("item_prize_10_94", "聚焦", "德尔伯特·曼", "韩国", "14", "0")

insert into "电影作品" ("词条id", "影片名", "导演", "国家", "提名次数", "获奖次数") values ("item_prize_10_95", "鸟人", "杰罗姆·罗宾斯", "英国", "14", "11")

insert into "获奖国家名单" ("年份", "影片拍摄国家", "获奖次数") values ("2018", "美国", "0")

insert into "获奖国家名单" ("年份", "影片拍摄国家", "获奖次数") values ("2017", "中国", "10")

insert into "获奖国家名单" ("年份", "影片拍摄国家", "获奖次数") values ("2016", "印度", "10")

insert into "获奖国家名单" ("年份", "影片拍摄国家", "获奖次数") values ("2015", "利比亚", "10")

insert into "获奖国家名单" ("年份", "影片拍摄国家", "获奖次数") values ("2014", "土耳其", "10")

insert into "各演员获奖次数" ("姓名", "奖项", "提名次数", "获奖次数") values ("丹尼尔·戴·刘易斯", "最佳导演", "0", "0")

insert into "各演员获奖次数" ("姓名", "奖项", "提名次数", "获奖次数") values ("凯瑟琳·赫本", "最佳编剧", "14", "11")

insert into "各演员获奖次数" ("姓名", "奖项", "提名次数", "获奖次数") values ("杰克·尼科尔森", "最佳男主角", "0", "0")

insert into "各演员获奖次数" ("姓名", "奖项", "提名次数", "获奖次数") values ("梅丽尔·斯特里普", "最佳女主角", "14", "11")

insert into "各演员获奖次数" ("姓名", "奖项", "提名次数", "获奖次数") values ("伍迪·艾伦", "最佳男配角", "14", "11")

insert into "历届帝后影后名单" ("年份", "帝后姓名", "帝后来自作品id", "影后姓名", "影后来自作品id") values ("2014", "拉米·马雷克", "item_prize_10_91", "奥利维娅·科尔曼", "item_prize_10_93")

insert into "历届帝后影后名单" ("年份", "帝后姓名", "帝后来自作品id", "影后姓名", "影后来自作品id") values ("2019", "马赫沙拉·阿里", "item_prize_10_91", "雷吉娜·金", "item_prize_10_95")

insert into "历届帝后影后名单" ("年份", "帝后姓名", "帝后来自作品id", "影后姓名", "影后来自作品id") values ("2019", "加里·奥德曼", "item_prize_10_94", "弗兰西斯·麦克多蒙德", "item_prize_10_93")

insert into "历届帝后影后名单" ("年份", "帝后姓名", "帝后来自作品id", "影后姓名", "影后来自作品id") values ("2014", "山姆·洛克威尔", "item_prize_10_95", "艾莉森·珍妮", "item_prize_10_94")

insert into "历届帝后影后名单" ("年份", "帝后姓名", "帝后来自作品id", "影后姓名", "影后来自作品id") values ("2019", "吉尔莫·德尔·托罗", "item_prize_10_93", "艾玛·斯通", "item_prize_10_94")

