PRAGMA foreign_keys = ON;

CREATE TABLE "书籍" (
"词条id" int,
"名称" text,
"作者" text,
"作者国籍" text,
"豆瓣评分" int,
"评价人数" int,
"5星占比" int,
"1星占比" int,
primary key ("词条id")
);

CREATE TABLE "高分图书榜单" (
"年份" time,
"书籍id" int,
"评分" int,
"排名" int,
foreign key("书籍id") references "书籍"("词条id")
);

CREATE TABLE "最受关注图书榜单" (
"年份" time,
"书籍id" int,
"关注数" int,
"排名" int,
foreign key("书籍id") references "书籍"("词条id")
);

CREATE TABLE "最畅销图书榜单" (
"年份" time,
"书籍id" int,
"购买数" int,
"排名" int,
foreign key("书籍id") references "书籍"("词条id")
);

CREATE TABLE "购买平台" (
"书籍id" int,
"平台" text,
"售价" int,
"是否有货" binary,
foreign key("书籍id") references "书籍"("词条id")
);

insert into "书籍" ("词条id", "名称", "作者", "作者国籍", "豆瓣评分", "评价人数", "5星占比", "1星占比") values ("item_book.2_10_116", "乌合之众", "古斯塔夫·勒庞 ", "法国", "5.4", "227", "15%", "26%")

insert into "书籍" ("词条id", "名称", "作者", "作者国籍", "豆瓣评分", "评价人数", "5星占比", "1星占比") values ("item_book.2_10_117", "你当像鸟飞往你的山", "塔拉·韦斯特弗", "日本", "6.0", "1000", "20%", "20%")

insert into "书籍" ("词条id", "名称", "作者", "作者国籍", "豆瓣评分", "评价人数", "5星占比", "1星占比") values ("item_book.2_10_118", "克莱因壶", "冈岛二人", "美国", "7.0", "2300", "50%", "15%")

insert into "书籍" ("词条id", "名称", "作者", "作者国籍", "豆瓣评分", "评价人数", "5星占比", "1星占比") values ("item_book.2_10_119", "无伤时代", "童伟格", "巴基斯坦", "8.7", "5000", "70%", "10%")

insert into "书籍" ("词条id", "名称", "作者", "作者国籍", "豆瓣评分", "评价人数", "5星占比", "1星占比") values ("item_book.2_10_120", "活着", "余华", "中国", "9.3", "100000", "80%", "5%")

insert into "高分图书榜单" ("年份", "书籍id", "评分", "排名") values ("2015-09-08", "item_book.2_10_119", "8.0", "1")

insert into "高分图书榜单" ("年份", "书籍id", "评分", "排名") values ("2016-07-21", "item_book.2_10_118", "8.1", "4")

insert into "高分图书榜单" ("年份", "书籍id", "评分", "排名") values ("2017-06-15", "item_book.2_10_119", "8.9", "10")

insert into "高分图书榜单" ("年份", "书籍id", "评分", "排名") values ("2017-11-03", "item_book.2_10_118", "9.0", "45")

insert into "高分图书榜单" ("年份", "书籍id", "评分", "排名") values ("2018-10-09", "item_book.2_10_116", "9.2", "50")

insert into "最受关注图书榜单" ("年份", "书籍id", "关注数", "排名") values ("2015-08-21", "item_book.2_10_117", "100000", "1")

insert into "最受关注图书榜单" ("年份", "书籍id", "关注数", "排名") values ("2016-03-24", "item_book.2_10_116", "200000", "5")

insert into "最受关注图书榜单" ("年份", "书籍id", "关注数", "排名") values ("2017-10-14", "item_book.2_10_120", "250000", "10")

insert into "最受关注图书榜单" ("年份", "书籍id", "关注数", "排名") values ("2016-03-24", "item_book.2_10_119", "300000", "40")

insert into "最受关注图书榜单" ("年份", "书籍id", "关注数", "排名") values ("2018-09-08", "item_book.2_10_117", "500000", "50")

insert into "最畅销图书榜单" ("年份", "书籍id", "购买数", "排名") values ("2015-09-10", "item_book.2_10_119", "10000", "1")

insert into "最畅销图书榜单" ("年份", "书籍id", "购买数", "排名") values ("2016-10-10", "item_book.2_10_116", "15000", "40")

insert into "最畅销图书榜单" ("年份", "书籍id", "购买数", "排名") values ("2017-06-07", "item_book.2_10_120", "40000", "30")

insert into "最畅销图书榜单" ("年份", "书籍id", "购买数", "排名") values ("2018-02-04", "item_book.2_10_117", "45000", "35")

insert into "最畅销图书榜单" ("年份", "书籍id", "购买数", "排名") values ("2018-03-05", "item_book.2_10_119", "50000", "50")

insert into "购买平台" ("书籍id", "平台", "售价", "是否有货") values ("item_book.2_10_120", "京东", "20元", "有")

insert into "购买平台" ("书籍id", "平台", "售价", "是否有货") values ("item_book.2_10_116", "当当", "30元", "无")

insert into "购买平台" ("书籍id", "平台", "售价", "是否有货") values ("item_book.2_10_117", "亚马逊", "100元", "有")

insert into "购买平台" ("书籍id", "平台", "售价", "是否有货") values ("item_book.2_10_119", "当当", "120元", "无")

insert into "购买平台" ("书籍id", "平台", "售价", "是否有货") values ("item_book.2_10_117", "京东", "200元", "有")

