PRAGMA foreign_keys = ON;

CREATE TABLE "参考书" (
"词条id" int,
"名称" text,
"类型" text,
"适用阶段" text,
"适用年级" int,
"科目类型" text,
"价格" int,
"特点" text,
primary key ("词条id")
);

CREATE TABLE "参考试卷" (
"试卷id" int,
"套数" text,
"押题命中率" int,
primary key ("试卷id"),
foreign key("试卷id") references "参考书"("词条id")
);

CREATE TABLE "适用城市" (
"省份" text,
"参考试卷id" int,
"版本" text,
"购买数量" int,
"平均得分" int,
foreign key("参考试卷id") references "参考书"("词条id")
);

insert into "参考书" ("词条id", "名称", "类型", "适用阶段", "适用年级", "科目类型", "价格", "特点") values ("item_book.2_13_156", "典中点", "出版书", "小学", "1-6", "语文", "50", "覆盖全面")

insert into "参考书" ("词条id", "名称", "类型", "适用阶段", "适用年级", "科目类型", "价格", "特点") values ("item_book.2_13_157", "三点一侧", "试卷", "初中", "1-3", "数学", "60", "夯实基础")

insert into "参考书" ("词条id", "名称", "类型", "适用阶段", "适用年级", "科目类型", "价格", "特点") values ("item_book.2_13_158", "启东中学作业本", "试卷", "高中", "1-3", "英语", "99", "体例新")

insert into "参考书" ("词条id", "名称", "类型", "适用阶段", "适用年级", "科目类型", "价格", "特点") values ("item_book.2_13_159", "黄冈试卷", "试卷", "小学", "1-3", "物理", "87", "拔高冲刺")

insert into "参考书" ("词条id", "名称", "类型", "适用阶段", "适用年级", "科目类型", "价格", "特点") values ("item_book.2_13_160", "零失误分层训练", "出版书", "初中", "1-3", "化学", "100", "简单易懂")

insert into "参考试卷" ("试卷id", "套数", "押题命中率") values ("item_book.2_13_157", "10", "50%")

insert into "参考试卷" ("试卷id", "套数", "押题命中率") values ("item_book.2_13_160", "11", "55%")

insert into "参考试卷" ("试卷id", "套数", "押题命中率") values ("item_book.2_13_157", "14", "56%")

insert into "参考试卷" ("试卷id", "套数", "押题命中率") values ("item_book.2_13_158", "13", "60%")

insert into "参考试卷" ("试卷id", "套数", "押题命中率") values ("item_book.2_13_160", "15", "70%")

insert into "适用城市" ("省份", "参考试卷id", "版本", "购买数量", "平均得分") values ("黑龙江", "item_book.2_13_158", "北师大版", "100000", "60")

insert into "适用城市" ("省份", "参考试卷id", "版本", "购买数量", "平均得分") values ("河北", "item_book.2_13_157", "华东师大版", "1500", "67")

insert into "适用城市" ("省份", "参考试卷id", "版本", "购买数量", "平均得分") values ("江西", "item_book.2_13_159", "苏教版", "4000", "80")

insert into "适用城市" ("省份", "参考试卷id", "版本", "购买数量", "平均得分") values ("湖北", "item_book.2_13_157", "沪科版", "500000", "84")

insert into "适用城市" ("省份", "参考试卷id", "版本", "购买数量", "平均得分") values ("四川", "item_book.2_13_158", "冀教版", "500000", "85")

