PRAGMA foreign_keys = ON;

CREATE TABLE "智能手机公司" (
"词条id" int,
"名称" text,
"所属国家" text,
"年营业额" int,
"年利润" int,
"世界排名" int,
primary key ("词条id")
);

CREATE TABLE "智能手机全球出货量" (
"公司id" int,
"2017年出货量" int,
"2017年市场占比" int,
"2018年出货量" int,
"2018年市场占比" int,
"占比提升幅度" int,
foreign key("公司id") references "智能手机公司"("词条id")
);

CREATE TABLE "智能手机部署国家" (
"公司id" int,
"部署国家" int,
"部署年份" time,
"销售量排名" int,
foreign key("公司id") references "智能手机公司"("词条id")
);

insert into "智能手机公司" ("词条id", "名称", "所属国家", "年营业额", "年利润", "世界排名") values ("item_product_1_1", "三星集团", "中国", "100", "10", "1")

insert into "智能手机公司" ("词条id", "名称", "所属国家", "年营业额", "年利润", "世界排名") values ("item_product_1_2", "华为公司", "韩国", "2000亿", "200亿", "100")

insert into "智能手机公司" ("词条id", "名称", "所属国家", "年营业额", "年利润", "世界排名") values ("item_product_1_3", "苹果公司", "美国", "2000亿", "200亿", "100")

insert into "智能手机公司" ("词条id", "名称", "所属国家", "年营业额", "年利润", "世界排名") values ("item_product_1_4", "微软公司", "日本", "100", "200亿", "100")

insert into "智能手机公司" ("词条id", "名称", "所属国家", "年营业额", "年利润", "世界排名") values ("item_product_1_5", "小米公司", "德国", "2000亿", "200亿", "100")

insert into "智能手机全球出货量" ("公司id", "2017年出货量", "2017年市场占比", "2018年出货量", "2018年市场占比", "占比提升幅度") values ("item_product_1_5", "2950万", "8.9%", "2940万", "9.5%", "-18.2%")

insert into "智能手机全球出货量" ("公司id", "2017年出货量", "2017年市场占比", "2018年出货量", "2018年市场占比", "占比提升幅度") values ("item_product_1_3", "7550万", "22.7%", "7150万", "21%", "5.5%")

insert into "智能手机全球出货量" ("公司id", "2017年出货量", "2017年市场占比", "2018年出货量", "2018年市场占比", "占比提升幅度") values ("item_product_1_1", "7550万", "8.9%", "7150万", "21%", "-18.2%")

insert into "智能手机全球出货量" ("公司id", "2017年出货量", "2017年市场占比", "2018年出货量", "2018年市场占比", "占比提升幅度") values ("item_product_1_4", "7550万", "8.9%", "7150万", "21%", "5.5%")

insert into "智能手机全球出货量" ("公司id", "2017年出货量", "2017年市场占比", "2018年出货量", "2018年市场占比", "占比提升幅度") values ("item_product_1_5", "2950万", "22.7%", "7150万", "9.5%", "5.5%")

insert into "智能手机部署国家" ("公司id", "部署国家", "部署年份", "销售量排名") values ("item_product_1_3", "美国", "2010", "1")

insert into "智能手机部署国家" ("公司id", "部署国家", "部署年份", "销售量排名") values ("item_product_1_1", "中国", "2018年", "50")

insert into "智能手机部署国家" ("公司id", "部署国家", "部署年份", "销售量排名") values ("item_product_1_5", "印度", "2010", "1")

insert into "智能手机部署国家" ("公司id", "部署国家", "部署年份", "销售量排名") values ("item_product_1_5", "中国", "2018年", "50")

insert into "智能手机部署国家" ("公司id", "部署国家", "部署年份", "销售量排名") values ("item_product_1_1", "中国", "2010", "50")

