PRAGMA foreign_keys = ON;

CREATE TABLE "学校" (
"词条id" int,
"名称" text,
"类型" text,
"所在城市" text,
"所属省份" text,
"是否985院校" binary,
"是否211院校" binary,
"2016届平均月薪" int,
"2014届平均月薪" int,
"2012届平均月薪" int,
primary key ("词条id")
);

CREATE TABLE "学校毕业人数" (
"学校id" int,
"学历" text,
"2016届人数" int,
"2014届人数" int,
"2012届人数" int,
foreign key("学校id") references "学校"("词条id")
);

CREATE TABLE "专业" (
"词条id" int,
"名称" text,
"学科类型" text,
"冷热门" binary,
primary key ("词条id")
);

CREATE TABLE "学校专业" (
"专业id" int,
"学校id" int,
"是否重点专业" binary,
foreign key("专业id") references "专业"("词条id"),
foreign key("学校id") references "学校"("词条id")
);

CREATE TABLE "专业就业情况" (
"专业id" int,
"2016届平均月薪" int,
"2014届平均月薪" int,
"2012届平均月薪" int,
"2016届就业率" int,
"2014届就业率" int,
"2012届就业率" int,
primary key ("专业id"),
foreign key("专业id") references "专业"("词条id")
);

insert into "学校" ("词条id", "名称", "类型", "所在城市", "所属省份", "是否985院校", "是否211院校", "2016届平均月薪", "2014届平均月薪", "2012届平均月薪") values ("item_enterprise_10_101", "北京大学", "综合", "北京", "吉林", "是", "是", "8000", "9000", "10000")

insert into "学校" ("词条id", "名称", "类型", "所在城市", "所属省份", "是否985院校", "是否211院校", "2016届平均月薪", "2014届平均月薪", "2012届平均月薪") values ("item_enterprise_10_102", "中国人民大学", "理工", "天津", "黑龙江", "否", "否", "9000", "11000", "12000")

insert into "学校" ("词条id", "名称", "类型", "所在城市", "所属省份", "是否985院校", "是否211院校", "2016届平均月薪", "2014届平均月薪", "2012届平均月薪") values ("item_enterprise_10_103", "清华大学", "文科", "长春", "辽宁", "否", "否", "9000", "11000", "10000")

insert into "学校" ("词条id", "名称", "类型", "所在城市", "所属省份", "是否985院校", "是否211院校", "2016届平均月薪", "2014届平均月薪", "2012届平均月薪") values ("item_enterprise_10_104", "中国农业大学", "医学", "哈尔滨", "江苏", "是", "否", "9000", "11000", "12000")

insert into "学校" ("词条id", "名称", "类型", "所在城市", "所属省份", "是否985院校", "是否211院校", "2016届平均月薪", "2014届平均月薪", "2012届平均月薪") values ("item_enterprise_10_105", "南开大学", "农林", "大连", "浙江", "否", "否", "9000", "9000", "10000")

insert into "学校毕业人数" ("学校id", "学历", "2016届人数", "2014届人数", "2012届人数") values ("item_enterprise_10_105", "本科", "1000", "1000", "100")

insert into "学校毕业人数" ("学校id", "学历", "2016届人数", "2014届人数", "2012届人数") values ("item_enterprise_10_104", "硕士", "4000", "4000", "1000")

insert into "学校毕业人数" ("学校id", "学历", "2016届人数", "2014届人数", "2012届人数") values ("item_enterprise_10_102", "博士", "1000", "4000", "100")

insert into "学校毕业人数" ("学校id", "学历", "2016届人数", "2014届人数", "2012届人数") values ("item_enterprise_10_103", "本科", "1000", "4000", "100")

insert into "学校毕业人数" ("学校id", "学历", "2016届人数", "2014届人数", "2012届人数") values ("item_enterprise_10_104", "专科", "4000", "4000", "1000")

insert into "专业" ("词条id", "名称", "学科类型", "冷热门") values ("item_enterprise_10_106", "软件工程", "工学", "冷门")

insert into "专业" ("词条id", "名称", "学科类型", "冷热门") values ("item_enterprise_10_107", "微电子科学与技术", "理学", "热门")

insert into "专业" ("词条id", "名称", "学科类型", "冷热门") values ("item_enterprise_10_108", "金融工程", "文学", "热门")

insert into "专业" ("词条id", "名称", "学科类型", "冷热门") values ("item_enterprise_10_109", "土木工程", "经济学", "冷门")

insert into "专业" ("词条id", "名称", "学科类型", "冷热门") values ("item_enterprise_10_110", "计算机科学与技术", "农学", "热门")

insert into "学校专业" ("专业id", "学校id", "是否重点专业") values ("item_enterprise_10_107", "item_enterprise_10_103", "是")

insert into "学校专业" ("专业id", "学校id", "是否重点专业") values ("item_enterprise_10_106", "item_enterprise_10_101", "否")

insert into "学校专业" ("专业id", "学校id", "是否重点专业") values ("item_enterprise_10_107", "item_enterprise_10_104", "否")

insert into "学校专业" ("专业id", "学校id", "是否重点专业") values ("item_enterprise_10_109", "item_enterprise_10_105", "是")

insert into "学校专业" ("专业id", "学校id", "是否重点专业") values ("item_enterprise_10_109", "item_enterprise_10_103", "否")

insert into "专业就业情况" ("专业id", "2016届平均月薪", "2014届平均月薪", "2012届平均月薪", "2016届就业率", "2014届就业率", "2012届就业率") values ("item_enterprise_10_108", "5500", "5500", "5500", "50%", "50%", "50%")

insert into "专业就业情况" ("专业id", "2016届平均月薪", "2014届平均月薪", "2012届平均月薪", "2016届就业率", "2014届就业率", "2012届就业率") values ("item_enterprise_10_106", "13000", "13000", "13000", "90%", "90%", "90%")

insert into "专业就业情况" ("专业id", "2016届平均月薪", "2014届平均月薪", "2012届平均月薪", "2016届就业率", "2014届就业率", "2012届就业率") values ("item_enterprise_10_109", "13000", "5500", "5500", "50%", "90%", "50%")

insert into "专业就业情况" ("专业id", "2016届平均月薪", "2014届平均月薪", "2012届平均月薪", "2016届就业率", "2014届就业率", "2012届就业率") values ("item_enterprise_10_107", "5500", "13000", "5500", "90%", "90%", "50%")

insert into "专业就业情况" ("专业id", "2016届平均月薪", "2014届平均月薪", "2012届平均月薪", "2016届就业率", "2014届就业率", "2012届就业率") values ("item_enterprise_10_106", "13000", "13000", "13000", "90%", "90%", "90%")

