PRAGMA foreign_keys = ON;

CREATE TABLE "北京小区" (
"词条id" int,
"名称" text,
"所属区域" text,
"楼栋数" int,
"户数" int,
"周边小学数量" int,
"周边超市数量" int,
"周边医院数量" int,
primary key ("词条id")
);

CREATE TABLE "小区各月成交量" (
"小区id" int,
"月份" text,
"成交量" int,
"成交量同比增长" int,
"成交均价" int,
"成交价同比增长" int,
foreign key("小区id") references "北京小区"("词条id")
);

CREATE TABLE "成交房屋" (
"房屋编号id" int,
"建筑面积" int,
"使用面积" int,
"卧室数量" int,
"厅数量" int,
"总价" int,
"单价" int,
"所属小区id" int,
primary key ("房屋编号id"),
foreign key("所属小区id") references "北京小区"("词条id")
);

CREATE TABLE "房屋中介" (
"词条id" int,
"名称" text,
"门店数量" int,
"房屋经纪人数量" int,
"覆盖城市数量" int,
"购房成交总量" int,
"租房成交总量" int,
"成交排名" int,
"评分" int,
primary key ("词条id")
);

CREATE TABLE "中介成交" (
"中介id" int,
"小区id" int,
"年份" time,
"购房成交量" int,
"成交量占比" int,
foreign key("小区id") references "北京小区"("词条id"),
foreign key("中介id") references "房屋中介"("词条id")
);

insert into "北京小区" ("词条id", "名称", "所属区域", "楼栋数", "户数", "周边小学数量", "周边超市数量", "周边医院数量") values ("item_software_6_56", "融泽嘉园", "东城区", "20", "100", "0", "0", "0")

insert into "北京小区" ("词条id", "名称", "所属区域", "楼栋数", "户数", "周边小学数量", "周边超市数量", "周边医院数量") values ("item_software_6_57", "天通苑东区", "西城区", "50", "1000", "2", "4", "4")

insert into "北京小区" ("词条id", "名称", "所属区域", "楼栋数", "户数", "周边小学数量", "周边超市数量", "周边医院数量") values ("item_software_6_58", "领袖硅谷", "海淀区", "20", "100", "2", "4", "4")

insert into "北京小区" ("词条id", "名称", "所属区域", "楼栋数", "户数", "周边小学数量", "周边超市数量", "周边医院数量") values ("item_software_6_59", "远洋山水", "昌平区", "20", "1000", "0", "4", "0")

insert into "北京小区" ("词条id", "名称", "所属区域", "楼栋数", "户数", "周边小学数量", "周边超市数量", "周边医院数量") values ("item_software_6_60", "育新花园", "通州区", "50", "100", "0", "0", "0")

insert into "小区各月成交量" ("小区id", "月份", "成交量", "成交量同比增长", "成交均价", "成交价同比增长") values ("item_software_6_59", "1月", "0", "-20%", "50000", "-5%")

insert into "小区各月成交量" ("小区id", "月份", "成交量", "成交量同比增长", "成交均价", "成交价同比增长") values ("item_software_6_56", "2月", "30", "30%", "90000", "6%")

insert into "小区各月成交量" ("小区id", "月份", "成交量", "成交量同比增长", "成交均价", "成交价同比增长") values ("item_software_6_57", "3月", "30", "30%", "50000", "-5%")

insert into "小区各月成交量" ("小区id", "月份", "成交量", "成交量同比增长", "成交均价", "成交价同比增长") values ("item_software_6_59", "8月", "0", "-20%", "50000", "-5%")

insert into "小区各月成交量" ("小区id", "月份", "成交量", "成交量同比增长", "成交均价", "成交价同比增长") values ("item_software_6_59", "12月", "0", "30%", "50000", "-5%")

insert into "成交房屋" ("房屋编号id", "建筑面积", "使用面积", "卧室数量", "厅数量", "总价", "单价", "所属小区id") values ("item_software_6_61", "50平方米", "42平方米", "1", "0", "200万", "4万", "item_software_6_60")

insert into "成交房屋" ("房屋编号id", "建筑面积", "使用面积", "卧室数量", "厅数量", "总价", "单价", "所属小区id") values ("item_software_6_62", "200平方米", "180平方米", "4", "2", "1300万", "9万", "item_software_6_60")

insert into "成交房屋" ("房屋编号id", "建筑面积", "使用面积", "卧室数量", "厅数量", "总价", "单价", "所属小区id") values ("item_software_6_63", "50平方米", "180平方米", "4", "0", "200万", "9万", "item_software_6_59")

insert into "成交房屋" ("房屋编号id", "建筑面积", "使用面积", "卧室数量", "厅数量", "总价", "单价", "所属小区id") values ("item_software_6_64", "200平方米", "42平方米", "4", "2", "200万", "9万", "item_software_6_60")

insert into "成交房屋" ("房屋编号id", "建筑面积", "使用面积", "卧室数量", "厅数量", "总价", "单价", "所属小区id") values ("item_software_6_65", "200平方米", "180平方米", "4", "0", "200万", "9万", "item_software_6_60")

insert into "房屋中介" ("词条id", "名称", "门店数量", "房屋经纪人数量", "覆盖城市数量", "购房成交总量", "租房成交总量", "成交排名", "评分") values ("item_software_6_66", "链家", "1000", "1万", "10", "100万", "200万", "1", "4")

insert into "房屋中介" ("词条id", "名称", "门店数量", "房屋经纪人数量", "覆盖城市数量", "购房成交总量", "租房成交总量", "成交排名", "评分") values ("item_software_6_67", "我爱我家", "8000", "13万", "28", "1000万", "1亿", "10", "8")

insert into "房屋中介" ("词条id", "名称", "门店数量", "房屋经纪人数量", "覆盖城市数量", "购房成交总量", "租房成交总量", "成交排名", "评分") values ("item_software_6_68", "麦田", "8000", "1万", "10", "100万", "1亿", "10", "8")

insert into "房屋中介" ("词条id", "名称", "门店数量", "房屋经纪人数量", "覆盖城市数量", "购房成交总量", "租房成交总量", "成交排名", "评分") values ("item_software_6_69", "房天下", "8000", "1万", "10", "100万", "200万", "1", "8")

insert into "房屋中介" ("词条id", "名称", "门店数量", "房屋经纪人数量", "覆盖城市数量", "购房成交总量", "租房成交总量", "成交排名", "评分") values ("item_software_6_70", "21世纪不动产", "1000", "13万", "28", "100万", "200万", "10", "8")

insert into "中介成交" ("中介id", "小区id", "年份", "购房成交量", "成交量占比") values ("item_software_6_67", "item_software_6_56", "2015", "50", "10")

insert into "中介成交" ("中介id", "小区id", "年份", "购房成交量", "成交量占比") values ("item_software_6_70", "item_software_6_59", "2018年", "500", "70%")

insert into "中介成交" ("中介id", "小区id", "年份", "购房成交量", "成交量占比") values ("item_software_6_66", "item_software_6_56", "2018年", "500", "70%")

insert into "中介成交" ("中介id", "小区id", "年份", "购房成交量", "成交量占比") values ("item_software_6_70", "item_software_6_58", "2018年", "500", "70%")

insert into "中介成交" ("中介id", "小区id", "年份", "购房成交量", "成交量占比") values ("item_software_6_70", "item_software_6_60", "2015", "500", "70%")

