PRAGMA foreign_keys = ON;

CREATE TABLE "相亲软件" (
"词条id" int,
"名称" text,
"是否实名认证" binary,
"是否资产认证" binary,
"是否跨城" binary,
"经营年限" int,
"注册会员数" int,
primary key ("词条id")
);

CREATE TABLE "相亲软件会费" (
"软件id" int,
"会员类型" text,
"会费" int,
foreign key("软件id") references "相亲软件"("词条id")
);

CREATE TABLE "会员年龄分布" (
"软件id" int,
"会员性别" text,
"25~30岁会员数量" int,
"31~35岁会员数量" int,
"36~40岁会员数量" int,
"41~45岁会员数量" int,
"45~55岁会员数量" int,
foreign key("软件id") references "相亲软件"("词条id")
);

CREATE TABLE "会员城市分布" (
"软件id" int,
"会员性别" text,
"城市" text,
"会员数量" int,
"成功率" int,
foreign key("软件id") references "相亲软件"("词条id")
);

insert into "相亲软件" ("词条id", "名称", "是否实名认证", "是否资产认证", "是否跨城", "经营年限", "注册会员数") values ("item_software_9_101", "marryU", "是", "是", "是", "5", "3000")

insert into "相亲软件" ("词条id", "名称", "是否实名认证", "是否资产认证", "是否跨城", "经营年限", "注册会员数") values ("item_software_9_102", "珍爱网", "否", "否", "否", "15年", "50000")

insert into "相亲软件" ("词条id", "名称", "是否实名认证", "是否资产认证", "是否跨城", "经营年限", "注册会员数") values ("item_software_9_103", "百合网", "否", "否", "是", "5", "50000")

insert into "相亲软件" ("词条id", "名称", "是否实名认证", "是否资产认证", "是否跨城", "经营年限", "注册会员数") values ("item_software_9_104", "世纪佳缘相亲", "是", "是", "是", "5", "3000")

insert into "相亲软件" ("词条id", "名称", "是否实名认证", "是否资产认证", "是否跨城", "经营年限", "注册会员数") values ("item_software_9_105", "有缘网", "是", "是", "是", "15年", "50000")

insert into "相亲软件会费" ("软件id", "会员类型", "会费") values ("item_software_9_102", "金卡", "1500")

insert into "相亲软件会费" ("软件id", "会员类型", "会费") values ("item_software_9_102", "银卡", "5000")

insert into "相亲软件会费" ("软件id", "会员类型", "会费") values ("item_software_9_105", "同卡", "1500")

insert into "相亲软件会费" ("软件id", "会员类型", "会费") values ("item_software_9_105", "金卡", "5000")

insert into "相亲软件会费" ("软件id", "会员类型", "会费") values ("item_software_9_103", "同卡", "1500")

insert into "会员年龄分布" ("软件id", "会员性别", "25~30岁会员数量", "31~35岁会员数量", "36~40岁会员数量", "41~45岁会员数量", "45~55岁会员数量") values ("item_software_9_101", "男", "5000", "15000", "5000", "1000", "1000")

insert into "会员年龄分布" ("软件id", "会员性别", "25~30岁会员数量", "31~35岁会员数量", "36~40岁会员数量", "41~45岁会员数量", "45~55岁会员数量") values ("item_software_9_102", "女", "10000", "25000", "10000", "2000", "2000")

insert into "会员年龄分布" ("软件id", "会员性别", "25~30岁会员数量", "31~35岁会员数量", "36~40岁会员数量", "41~45岁会员数量", "45~55岁会员数量") values ("item_software_9_103", "男", "5000", "15000", "10000", "1000", "1000")

insert into "会员年龄分布" ("软件id", "会员性别", "25~30岁会员数量", "31~35岁会员数量", "36~40岁会员数量", "41~45岁会员数量", "45~55岁会员数量") values ("item_software_9_105", "男", "10000", "15000", "10000", "2000", "1000")

insert into "会员年龄分布" ("软件id", "会员性别", "25~30岁会员数量", "31~35岁会员数量", "36~40岁会员数量", "41~45岁会员数量", "45~55岁会员数量") values ("item_software_9_105", "男", "10000", "15000", "10000", "1000", "2000")

insert into "会员城市分布" ("软件id", "会员性别", "城市", "会员数量", "成功率") values ("item_software_9_105", "男", "北京", "1000", "10%")

insert into "会员城市分布" ("软件id", "会员性别", "城市", "会员数量", "成功率") values ("item_software_9_105", "女", "上海", "50000", "20%")

insert into "会员城市分布" ("软件id", "会员性别", "城市", "会员数量", "成功率") values ("item_software_9_103", "女", "深圳", "50000", "20%")

insert into "会员城市分布" ("软件id", "会员性别", "城市", "会员数量", "成功率") values ("item_software_9_101", "女", "杭州", "1000", "20%")

insert into "会员城市分布" ("软件id", "会员性别", "城市", "会员数量", "成功率") values ("item_software_9_102", "女", "武汉", "1000", "20%")

